ulp_stage_preparation_id,RUP,e-Proc,Manual,Kode RUP,Metode Pemilihan,Kriteria Barang/Jasa,Lembar catatan Pengecekan HPS  (Tgl),Lembar catatan Pengecekan HPS  (PIC),Koreksi Aritmatika HPS (Tgl),Koreksi Aritmatika HPS (PIC),Lembar Persiapan Tgl,Lembar Persiapan PIC Buat,Lembar Persiapan PIC Ka. Pokja,Pengumuman Pemilihan by LPSE (Nomor Lembar Pengumuman),Pengumuman Pemilihan by LPSE (Tgl),Pengumuman Pemilihan by LPSE (PIC),Dokumen Pemilihan / SPPH Dokumen Pengadaan / SPPH(No. Dok),Dokumen Pemilihan / SPPH Dokumen Pengadaan / SPPH(Tgl),Dokumen Pemilihan / SPPH Dokumen Pengadaan / SPPH(PIC),Registrasi Draft Paket PBJ by SPSE (Buat Paket) Tgl,Registrasi Draft Paket PBJ by SPSE (Buat Paket) PIC,Undangan Reviu DPP(No. Dok),Undangan Reviu DPP(Tgl),Undangan Reviu DPP(PIC),Lembar Daftar Hadir Acara Reviu DPP (Tgl),Lembar Daftar Hadir Acara Reviu DPP (PIC),BA Reviu DPP (No. Dok),BA Reviu DPP (Tgl),BA Reviu DPP (PIC),Undangan Pemberian Penjelasan(No. Dok),Undangan Pemberian Penjelasan(Tgl),Undangan Pemberian Penjelasan(PIC),Lembar Daftar Hadir Pemberian Penjelasan(Tgl),Lembar Daftar Hadir Pemberian Penjelasan(PIC),BA Pemberian Penjelasan(No. Dok),BA Pemberian Penjelasan(Tgl),BA Pemberian Penjelasan(PIC),Dekripsi Data Penawaran(Tgl),Dekripsi Data Penawaran(PIC),BA Pembukaan Dokumen Penawaran(No. Dok),BA Pembukaan Dokumen Penawaran(Tgl),BA Pembukaan Dokumen Penawaran(PIC),Lembar Koreksi Aritmatika Penawaran Harga(Tgl),Lembar Koreksi Aritmatika Penawaran Harga(PIC ),Kertas Kerja Evaluasi Penawaran (Tgl),Kertas Kerja Evaluasi Penawaran (PIC),BA Evaluasi Penawaran (No. Dok),BA Evaluasi Penawaran (Tgl),BA Evaluasi Penawaran (PIC ),Undangan Verifikasi & Pembuktian Kualifikasi(No. Dok),Undangan Verifikasi & Pembuktian Kualifikasi(Tgl),Undangan Verifikasi & Pembuktian Kualifikasi(PIC ),Lembar Daftar Hadir Verifikasi & Pembuktian Kualifikasi(Tgl),Lembar Daftar Hadir Verifikasi & Pembuktian Kualifikasi(PIC ),Lembar Nego Teknis dan Harga (Jika Ada)(Tgl),Lembar Nego Teknis dan Harga (Jika Ada)(PIC ),BA Klarifikasi dan Negosiasi Harga(No. Dok),BA Klarifikasi dan Negosiasi Harga(Tgl),BA Klarifikasi dan Negosiasi Harga(PIC ),BA Hasil Pemilihan (No. Dok),BA Hasil Pemilihan (Tgl),BA Hasil Pemilihan (PIC ),Penetapan Pemenang Pemilihan  (No. Dok),Penetapan Pemenang Pemilihan  (Tgl),Penetapan Pemenang Pemilihan  (PIC ),Pengumuman Pemenang Pemilihan  (No. Dok),Pengumuman Pemenang Pemilihan  (Tgl),Pengumuman Pemenang Pemilihan  (PIC ),Sanggahan(No. Dok),Sanggahan(Tgl Sanggah),Sanggahan(Nama Peserta),Jawaban Sanggah (Jika Ada) (No. Dok),Jawaban Sanggah (Jika Ada) (Tgl Dok),Jawaban Sanggah (Jika Ada) (PIC),Surat Usulan Kaji Ulang Paket (No. Dok),Surat Usulan Kaji Ulang Paket (Tgl),Surat Usulan Kaji Ulang Paket (PIC),Laporan Hasil Pemilihan (No. Dok),Laporan Hasil Pemilihan (Tgl),Laporan Hasil Pemilihan (PIC ),Nilai Realisasi,Dokumen SPB/SPK/Kontrak(PIC ),Dokumen SPB/SPK/Kontrak(Nomor),Dokumen SPB/SPK/Kontrak(Tanggal),Nilai Kontrak(Rp.) (BLU),Nilai Kontrak(Rp.) (Non BLU),Jangka Waktu Pekerjaan,Jangka Waktu Pekerjaan Satuan,Nama Penyedia Barang/Jasa,Nama Pimpinan Perusahaan,Contact Person,Alamat Perusahaan,KBLI Penyedia
1,1,1,,62058414,E-Purchasing,Barang,,,,,,,,,,,,19-Jan-26,Y,,,,,,,,,,,,,,,,,,,,,,,,,,,,,,,,,,,,,,,,,,,,,,,,,,,,,,,,,,,BJ.01.04/D.XII.10/738/2026,19-Jan-26,I,"Rp295,223,040",,,,295.223.040,,365,Hr Kalender,DOCARE LARAS INDONESIA,,," GEDUNG GRAHA ANTARI JALAN PULO KAMBING No.16, KAWASAN INDUSTRI PULO GADUNG - JAKARTA 13930",
2,,,,,,,,,,,,,,,,,,,,,,,,,,,,,,,,,,,,,,,,,,,,,,,,,,,,,,,,,,,,,,,,,,,,,,,,,,,BJ.01.03/D.XII.10/12468/2025,18-Dec-25,G,,,,,,,,,,,,,,,,
3,,,1,,Pengadaan Langsung,Jasa Lainnya,,,,,,,,,,,BJ.01.03/D.XII.10/11778/2025,20-Nov-25,Y,,,,,,,,,,,,,,,,,,,,,,,,,,,,BJ.01.03/D.XII.10/1396/2026,30-Jan-26,I,,,,,,,,,,,BJ.01.03/D.XII.10/1397/2026,30-Jan-26,I,BJ.01.03/D.XII.10/1398/2026,30-Jan-26,I,,,,,,,,,,,,,BJ.01.03/D.XII.10/1399/2026,30-Jan-26,I,"Rp181,500,000",,,,198.000.000,,330,Hr Kalender,PT. Krisna Sugiharta Jaya,,,"Jalan Raya Pondok Gede Nomor 18E, Desa/Kelurahan Lubang Buaya, Kec. Cipayung, Kota Adm. Jakarta Timur, DKI Jakarta",
4,,,,,,,,,,,,,,,,,,,,,,,,,,,,,,,,,,,,,,,,,,,,,,,,,,,,,,,,,,,,,,,,,,,,,,,,,,,BJ.01.03/D.XII.10/12468/2025,18-Dec-25,G,,,,,,,,,,,,,,,,
5,,,,,,,,,,,,,,,,,,,,,,,,,,,,,,,,,,,,,,,,,,,,,,,,,,,,,,,,,,,,,,,,,,,,,,,,,,,,,,,,,,,,,,,,,,,,,
6,1,1,,62071547,E-Purchasing,Barang,,,,,,,,,,,,26-Dec-25,Y,,,,,,,,,,,,,,,,,,,,,,,,,,,,,,,,,,,,,,,,,,,,,,,,,,,,,,,,,,,BJ.01.04/D.XII.10/12628/2025,31-Dec-25,I,"Rp201,449,832",,,,201.449.832,,365,Hr Kalender,UNOLAB PERDANA,,,"Jl. Ciledug Raya, No. 10, Kelurahan Cipulir, Kecamatan Kebayoran Lama, Jakarta Selatan",
7,1,1,,62058407,E-Purchasing,Barang,,,,,,,,,,,,17-Dec-25,Y,,,,,,,,,,,,,,,,,,,,,,,,,,,,,,,,,,,,,,,,,,,,,,,,,,,,,,,,,,,BJ.01.04/D.XII.10/12492/2025,19-Dec-25,I,"Rp1,704,000,001",,,,1.704.000.001,,365,Hr Kalender,MILENIAL INTI TELEKOMUNIKASI,,,"Jl. Biak No.19C, Cideng, Kec. Gambir, Kota Jakarta Pusat 10150",
8,,,,,,,,,,,,,,,,,,,,,,,,,,,,,,,,,,,,,,,,,,,,,,,,,,,,,,,,,,,,,,,,,,,,,,,,,,,,,,,,,,,,,,,,,,,,,
9,,,1,,Pengadaan Langsung,Barang,,,,,,,,,,,BJ.01.03/D.XII.10/12178/2025,1-Dec-25,I,,,,,,,,,,,,,,,,,,,,,,,,,,,,BJ.01.03/D.XII.10/12242/2025,3-Dec-25,I,,,,3-Dec-25,I,3-Dec-25,I,,,,BJ.01.03/D.XII.10/12243/2025,3-Dec-25,I,BJ.01.03/D.XII.10/12244/2025,3-Dec-25,I,,,,,,,,,,,,,BJ.01.03/D.XII.10/12245/2025,3-Dec-25,I,"Rp63,525,300",,,,63.525.000,,14,Hr Kalender,PT. SINAR AMARTAPURA PERSADA,,,"Jl. Binalontar No. 32A Jaticempaka, Pondok Gede Kotamadya Bekasi 17411",
10,,,,,,,,,,,,,,,,,,,,,,,,,,,,,,,,,,,,,,,,,,,,,,,,,,,,,,,,,,,,,,,,,,,,,,,,,,,,,,,,,,,,,,,,,,,,,
11,,,,,,,,,,,,,,,,,,,,,,,,,,,,,,,,,,,,,,,,,,,,,,,,,,,,,,,,,,,,,,,,,,,,,,,,,,,,,,,,,,,,,,,,,,,,,
12,,,1,,Penunjukan Langsung,Barang,,,,,,,,,,,BJ.02.01/D.XII.10/12359/2025,11-Dec-25,Y,,,,,,,,,,,,,,,,,,,,,,,,,,,,BJ.01.03/D.XII.10/12511/2025,22-Dec-25,I,,,,19-Dec-25,Y,19-Dec-25,Y,,,,BJ.01.03/D.XII.10/12512/2025,22-Dec-25,I,BJ.01.03/D.XII.10/12513/2025,22-Dec-25,I,,,,,,,,,,,,,BJ.01.03/D.XII.10/12514/2025,22-Dec-25,I,"Rp543,000,000",,,,543.000.000,,365,Hr Kalender,PT. Sadikun Niagamas Raya,,,"Jl. Pinangsia Timur No. 4A, Kel. Pinangsia, Kec. Taman Sari, Kota Adm. Jakarta Barat, Prop. DKI Jakarta",
13,1,1,,62058187,E-Purchasing,Barang,,,,,,,,,,,,12-Jan-26,Y,,,,,,,,,,,,,,,,,,,,,,,,,,,,,,,,,,,,,,,,,,,,,,,,,,,,,,,,,,,BJ.01.01/D.XII.10/974/2026,26-Jan-26,Y,"Rp6,723,147,455",,,,6.723.147.455,,365,Hr Kalender,CV. HARAPAN INDAH,,,"Ruko Green Garden Blok A 14 Nomor 36 RT 005 / RW 003, Kel. Kedoya Utara, Kebon Jeruk, Jakarta Barat",
14,1,1,,62058422,E-Purchasing,Barang,,,,,,,,,,,,17-Dec-25,Y,,,,,,,,,,,,,,,,,,,,,,,,,,,,,,,,,,,,,,,,,,,,,,,,,,,,,,,,,,,BJ.01.04/D.XII.10/12491/2025,19-Dec-25,I,"Rp641,999,997",,,,641.999.997,,365,Hr Kalender,CUBIESPOT PILAR DATA NUSANTARA,,,"Perum Tiara Candi 2 Blok AA 20, Kelurahan Sekargadung, Kecamatan Purworejo, Kota Pasuruan",
15,1,1,,62058949,E-Purchasing,Barang,,,,,,,,,,,,18-Dec-25,Y,,,,,,,,,,,,,,,,,,,,,,,,,,,,,,,,,,,,,,,,,,,,,,,,,,,,,,,,,,,BJ.01.04/D.XII.10/12510/2025,22-Dec-25,I,"Rp819,180,000",,,,819.180.000,,365,Hr Kalender,DEFENDER NUSA SEMESTA,,,"Graha BIP 7th floor, Jl. Jend. Gatot Subroto Kav. 23, RT.2/RW.2, Karet Semanggi, Setiabudi, Jakarta",
16,1,1,,62058942,E-Purchasing,Barang,,,,,,,,,,,,17-Dec-25,Y,,,,,,,,,,,,,,,,,,,,,,,,,,,,,,,,,,,,,,,,,,,,,,,,,,,,,,,,,,,BJ.01.04/D.XII.10/12490/2025,19-Dec-25,I,"Rp559,440,000",,,,559.440.000,,365,Hr Kalender,EBCONNECTION INDONESIA,,," Graha Sentana Jl Buncit Raya No. 2, Jakarta Selatan",
17,1,1,,62200323,E-Purchasing,Barang,,,,,,,,,,,,23-Dec-25,Ar,,,,,,,,,,,,,,,,,,,,,,,,,,,,,,,,,,,,,,,,,,,,,,,,,,,,,,,,,,,BJ.01.04/D.XII.10/12601/2025,29-Dec-25,Ar,Rp1.089.354.444,,,,1.089.354.444,,14,Hr Kalender,INFINITRADE TECHNOLOGY INDONESIA,,,"Menara 165 LT. 14 Unit E JL. TB Simatupang No. K Cilandak Timur Pasar Minggu, Jakarta Selatan 12560",
18,,,1,,Pengadaan Langsung,Pekerjaan Konstruksi,,,,,,,,,,,BJ.01.03/D.XII.10/12441/2025,16-Dec-25,Y,,,,,,,,,,,,,,,,,,,,,,,,,,,,BJ.01.03/D.XII.10/12476/2025,18-Dec-25,I,,,,18-Dec-25,Y,18-Dec-25,Y,,,,BJ.01.03/D.XII.10/12477/2025,18-Dec-25,I,BJ.01.03/D.XII.10/12478/2025,18-Dec-25,I,,,,,,,,,,,,,BJ.01.03/D.XII.10/12479/2025,18-Dec-25,I,"Rp83,250,000",,,,83.250.000,,14,Hr Kalender,PT. Kawan Abadi Selaras,,,Green Lake City Rukan CBD Blok H No. 20 Cipondoh – Tangerang 15146,
19,1,1,,63242571,E-Pengadaan Langsung,Barang,,,,,,,,,,,BJ.01.03/D.XII.10/684/2026,15-Jan-26,I,,,,,,,,,,,,,,,,,,,,,,,,,,,,BJ.01.03/D.XII.10/820/2026,21-Jan-26,I,,,,20-Jan-26,I,20-Jan-26,I,,,,BJ.01.03/D.XII.10/821/2026,21-Jan-26,I,,,,,,,,,,,,,,,,BJ.01.03/D.XII.10/835/2026,22-Jan-26,I,"Rp164,280,000",,,,164.280.000,,35,Hr Kalender,"  PT. Sinar Amartapura
Persada  ",,,Jl Binalontar No 32A Jaticempaka Pondok Gede Kota Bekasi,
20,1,1,,62591507,E-Purchasing,Barang,,,,,,,,,,,,31-Dec-25,P,,,,,,,,,,,,,,,,,,,,,,,,,,,,,,,,,,,,,,,,,,,,,,,,,,,,,,,,,,,BJ.01.04/D.XII.10/29/2025,2-Jan-26,I,"Rp244,500,000",,,,244.500.000,,365,Hr Kalender,SINERGI DIGITAL TEKNOLOGI,,,"Kebayoran Square Business Park C 03, Jl. Boulevard Bintaro Jaya",
21,1,1,,62765801,E-Purchasing,Barang,,,,,,,,,,,,12-Jan-26,Y,,,,,,,,,,,,,,,,,,,,,,,,,,,,,,,,,,,,,,,,,,,,,,,,,,,,,,,,,,,BJ.01.04/D.XII.10/490/2026,12-Jan-26,I,"Rp168,318,027",,,,168.318.027,,180,Hr Kalender,CV EKA KARSA MULIA,,," Jalan Jambusari No. 4 RT 3 RW 4 Kelurahan Mangunsari, Kecamatan Gunungpati Kota Semarang Jawa Tengah",
22,,,,,,,,,,,,,,,,,,,,,,,,,,,,,,,,,,,,,,,,,,,,,,,,,,,,,,,,,,,,,,,,,,,,,,,,,,,,,,,,,,,,,,,,,,,,,
23,,,,,,,,,,,,,,,,,,,,,,,,,,,,,,,,,,,,,,,,,,,,,,,,,,,,,,,,,,,,,,,,,,,,,,,,,,,,,,,,,,,,,,,,,,,,,
24,1,1,,65741493,E-Penunjukan Langsung,Jasa Lainnya,,,,,,,,,,,BJ.01.03/D.XII.10/2077/2026,23-Feb-26,P,,,,,,,,,,,,,,,,,,,,,,,,,,,,BJ.01.03/D.XII.10/2757/2026,4-Mar-26,P,,,,,,,,,,,BJ.01.03/D.XII.10/2758/2026,4-Mar-26,P,,,,,,,,,,,,,,,,BJ.01.03/D.XII.10/2802/2026,5-Mar-26,P,Rp380.000.000,,,,380.000.000,,365,Hr Kalender,PT. Global Medik Persada,Kartika Agung Kurniawan,(021) 50899710," JL RAYA KEBON JERUK NO 26 RT 11
/02 KEBON JERUK, KEC KEBON JERUK
 ",
25,1,1,,64963284,E-Purchasing,Jasa Lainnya,,,,,,,,,,,,27-Feb-26,Ar,,,,,,,,,,,,,,,,,,,,,,,,,,,,,,,,,,,,,,,,,,,,,,,,,,,,,,,,,,,BJ.01.04/D.XII.10/2546/2026,2-Mar-26,Ar,Rp1.205.460.000,,,,1.205.460.000,,365,Hr Kalender,SIEMENS HEALTHINEERS INDONESIA,,,"Perkantoran Hijau Arkadia Tower F, Lantai 18, Jl.T.B.Simatupang Kav.88, Pasar Minggu, Jakarta 12520",
26,1,1,,65566190,E-Penunjukan Langsung,Jasa Lainnya,,,,,,,,,,,BJ.01.03/D.XII.10/2792/2026,4-Mar-26,Y,,,,,,,,,,,,,,,,,,,,,,,,,,,,BJ.01.03/D.XII.10/2920/2026,10-Mar-26,P,,,,,,,,,,,BJ.01.03/D.XII.10/2921/2026,10-Mar-26,P,,,,,,,,,,,,,,,,BJ.01.03/D.XII.10/2954/2026,10-Mar-26,I,"Rp1.325.999.998,23",,,,"1.325.999.998,23",,365,Hr Kalender,SIEMENS HEALTHINEERS INDONESIA,,,"Perkantoran Hijau Arkadia Tower F, Lantai 18, Jl.T.B.Simatupang Kav.88, Pasar Minggu, Jakarta 12520",
27,1,1,,65741418,E-Penunjukan Langsung,Jasa Lainnya,,,,,,,,,,,BJ.01.03/D.XII.10/1952/2026,20-Feb-26,P,,,BJ.01.03/D.XII.10/1881/2026,19-Feb-26,P,,,BJ.01.03/D.XII.10/1884/2026,19-Feb-26,P,,,,,,,,,,,,,,,,,,BJ.01.03/D.XII.10/2506/2026,27-Feb-26,P,,,,,,,,,,,BJ.01.03/D.XII.10/2507/2026,27-Feb-26,P,,,,,,,,,,,,,,,,BJ.01.03/D.XII.10/2507/2026,27-Feb-26,P,Rp294.812.500,,,,294.812.500,,365,Hr Kalender,PT. Global Medik Persada,Kartika Agung Kurniawan,(021) 50899710," JL RAYA KEBON JERUK NO 26 RT 11
/02 KEBON JERUK, KEC KEBON JERUK
 ",
28,1,1,,65440133,E-Penunjukan Langsung,Jasa Lainnya,,,,,,,,,,,BJ.01.03/D.XII.10/1939/2026,19-Feb-26,Y,,,,,,,,,,,,,,,,,,,,,,,,,,,,BJ.01.03/D.XII.10/2306/2026,26-Feb-26,Y,,,,,,,,,,,BJ.01.03/D.XII.10/2307/2026,26-Feb-26,Y,,,,,,,,,,,,,,,,BJ.01.03/D.XII.10/2326/2026,27-Feb-26,I,Rp1.850.000.000,,,,1.850.000.000,,365,Hr Kalender,PT. Global Medik Persada,Kartika Agung Kurniawan,(021) 50899710," JL RAYA KEBON JERUK NO 26 RT 11
/02 KEBON JERUK, KEC KEBON JERUK
 ",
29,1,1,,62859627,E-Purchasing,Barang,,,,,,,,,,,,7-Jan-25,I,,,,,,,,,,,,,,,,,,,,,,,,,,,,,,,,,,,,,,,,,,,,,,,,,,,,,,,,,,,BJ.01.04/D.XII.10/208/2025,7-Jan-25,I,"Rp99,876,080",,,,99.876.080,,14,Hr Kalender,SEKAR BUNGA,,,"Komp PU Pengairan No. 100 Kel Koang Jaya , Karawaci Kota Tangerang",
30,1,1,,62859319,E-Purchasing,Barang,,,,,,,,,,,,7-Jan-25,I,,,,,,,,,,,,,,,,,,,,,,,,,,,,,,,,,,,,,,,,,,,,,,,,,,,,,,,,,,,BJ.01.04/D.XII.10/294/2025,7-Jan-25,Al,"Rp74,242,350",,,,74.242.350,,14,Hr Kalender,SEKAR BUNGA,,,"Komp PU Pengairan No. 100 Kel Koang Jaya , Karawaci Kota Tangerang",
31,,,,,,,,,,,,,,,,,,,,,,,,,,,,,,,,,,,,,,,,,,,,,,,,,,,,,,,,,,,,,,,,,,,,,,,,,,,,,,,,,,,,,,,,,,,,,
32,,,,,,,,,,,,,,,,,,,,,,,,,,,,,,,,,,,,,,,,,,,,,,,,,,,,,,,,,,,,,,,,,,,,,,,,,,,,,,,,,,,,,,,,,,,,,
33,1,1,,65439713,E-Penunjukan Langsung,Jasa Lainnya,,,,,,,,,,,BJ.01.03/D.XII.10/1982/2026,20-Feb-26,Y,,,,,,,,,,,,,,,,,,,,,,,,,,,,BJ.01.03/D.XII.10/2278/2026,25-Feb-26,Y,,,,,,,,,,,BJ.01.03/D.XII.10/2279/2026,25-Feb-26,Y,,,,,,,,,,,,,,,,BJ.01.03/D.XII.10/2327/2026,27-Feb-26,I,Rp2.040.000.000,,,,2.040.000.000,,365,Hr Kalender,PT. Global Medik Persada,Kartika Agung Kurniawan,(021) 50899710," JL RAYA KEBON JERUK NO 26 RT 11
/02 KEBON JERUK, KEC KEBON JERUK
 ",
34,,,,,,,,,,,,,,,,,,,,,,,,,,,,,,,,,,,,,,,,,,,,,,,,,,,,,,,,,,,,,,,,,,,,,,,,,,,,,,,,,,,,,,,,,,,,,
35,1,1,,65808838,E-Purchasing,Barang,,,,,,,,,,,,3-Mar-26,Y,,,,,,,,,,,,,,,,,,,,,,,,,,,,,,,,,,,,,,,,,,,,,,,,,,,,,,,,,,,BJ.01.04/D.XII.10/2756/2026,4-Mar-26,I,Rp623.237.938,,,,623.237.938,,365,Hr Kalender,DAWU RINGKANG AMANAH,,,"Jalan Kenanga Blok K43 RT 010 RW 008, Jatibening Baru,Kec.Pondok Gede, Kota Bekasi, Jawa Barat 17411",
36,1,1,,62835707,E-Purchasing,Jasa Lainnya,,,,,,,,,,,,9-Jan-26,P,,,,,,,,,,,,,,,,,,,,,,,,,,,,,,,,,,,,,,,,,,,,,,,,,,,,,,,,,,,BJ.01.04/D.XII.10/416/2026,9-Jan-26,I,"Rp4,444,497,077",,,,4.444.497.077,,90,Hr Kalender,BAKRI KARYA SARANA,,,"Jl. Diponegoro Ruko Global 22 No 10 Buliang, Batu Aji, Batam",
37,,,1,,Pengadaan Langsung,Barang,,,,,,,,,,,BJ.01.03/D.XII.10/55/2026,5-Jan-26,P,,,,,,,,,,,,,,,,,,,,,,,,,,,,BJ.01.03/D.XII.10/442/2026,9-Jan-26,P,,,,,,8-Jan-26,P,,,,BJ.01.03/D.XII.10/443/2026,9-Jan-26,P,BJ.01.03/D.XII.10/444/2026,9-Jan-26,P,,,,,,,,,,,,,BJ.01.03/D.XII.10/445/2026,9-Jan-26,P,"Rp189,523,620",,,,189.523.620,,365,Hr Kalender,PT. Artha Delima,,,"Kp. Anggris No.3A, Kel. Curug Sangerang - Kelapa Dua, Tangerang, Banten 15810",
38,1,1,,62200323,E-Purchasing,Barang,,,,,,,,,,,,5-Jan-26,Ar,,,,,,,,,,,,,,,,,,,,,,,,,,,,,,,,,,,,,,,,,,,,,,,,,,,,,,,,,,,BJ.01.04/D.XII.10/56/2025,5-Jan-26,I,"Rp295,815,000",,,,295.815.000,,14,Hr Kalender,MITRA SISTEMATIKA GLOBAL,,,Jalan Tanah Abang III No. 14 Jakarta 10160,
39,1,1,,62703755,E-Purchasing,Jasa Lainnya,,,,,,,,,,,,5-Jan-26,Y,,,,,,,,,,,,,,,,,,,,,,,,,,,,,,,,,,,,,,,,,,,,,,,,,,,,,,,,,,,BJ.01.04/D.XII.10/117/2025,6-Jan-25,I,"Rp85,787,460",,,,85.787.460,,31,Hr Kalender,WAHANA PAMUNAH LIMBAH INDUSTRI,,,"Jl. Raya Rangkasbitung Km. 6, RW 1, Desa Parakan, Kec. Jawilan, Kab. Serang 42177",
40,,,,,,,,,,,,,,,,,,,,,,,,,,,,,,,,,,,,,,,,,,,,,,,,,,,,,,,,,,,,,,,,,,,,,,,,,,,,,,,,,,,,,,,,,,,,,
41,1,1,,65824381,E-Purchasing,Jasa Lainnya,,,,,,,,,,,,26-Feb-26,I,,,,,,,,,,,,,,,,,,,,,,,,,,,,,,,,,,,,,,,,,,,,,,,,,,,,,,,,,,,BJ.01.04/D.XII.10/2308/2026,26-Feb-26,I,Rp869.000.000,,,,869.000.000,,300,Hr Kalender,PRASADHA PAMUNAH LIMBAH INDUSTRI,,,"JLN. JENDERAL SUDIRMAN KAV. 45-46, DS Karet Semanggi, Kec. Setiabudi, Jakarta Selatan, 12930",
42,1,1,,63370906,E-Pengadaan Langsung,Barang,,,,,,,,,,,BJ.01.03/D.XII.10/601/2026,14-Jan-26,Al,,,,,,,,,,,,,,,,,,,,,,,,,,,,BJ.01.03/D.XII.10/823/2026,21-Jan-26,Al,,,,20-Jan-26,Al,20-Jan-26,Al,,,,BJ.01.03/D.XII.10/824/2026,21-Jan-26,Al,,,,,,,,,,,,,,,,BJ.01.03/D.XII.10/868/2026,22-Jan-26,Al,"Rp166,500,000",,,,166.500.000,,365,Hr Kalender,PT. SINAR AMARTAPURA PERSADA,,,"Jl. Binalontar No. 32A Jaticempaka, Pondok Gede Kotamadya Bekasi 17411",
43,,,1,,Pengadaan Langsung,Jasa Lainnya,,,,,,,,,,,BJ.01.03/D.XII.10/1737/2026,13-Feb-26,P,,,,,,,,,,,,,,,,,,,,,,,,,,,,BJ.01.03/D.XII.10/2280/2026,25-Feb-26,P,,,,25-Jan-26,P,25-Jan-26,P,,,,BJ.01.03/D.XII.10/2281/2026,25-Feb-26,P,BJ.01.03/D.XII.10/2292/2026,26-Feb-26,P,,,,,,,,,,,,,BJ.01.03/D.XII.10/2293/2026,26-Feb-26,P,Rp86.025.000,,,,86.025.000,,365,Hr Kalender,PT. IDS Medical Systems Indonesia,,,"Gd. Wisma 76 Lt. 17 dan 22 Jl. Jenderal S. Parman Kav. 76 Kel. Slipi, Kec. Palmerah Jakarta Barat",
44,1,1,,65793610,E-Pengadaan Langsung,Jasa Lainnya,,,,,,,,,,,BJ.01.03/D.XII.10/2096/2026,23-Feb-26,Al,,,,,,,,,,,,,,,,,,,,,,,,,,,,BJ.01.03/D.XII.10/2856/2026,6-Mar-26,Al,,,,,,,,,,,BJ.01.03/D.XII.10/2857/2026,6-Mar-26,Al,,,,,,,,,,,,,,,,BJ.01.03/D.XII.10/2899/2026,9-Mar-26,Al,Rp72.344.250,,,,72.344.250,,365,Hr Kalender,PT. Dimensi Citra Semesta,"Agus Sudarwanto, S.KM",(031) 8481966,Ruko Panji Makmur Blok D-6 Jl. Raya Panjang Jiwo No. 46 - 48 Surabaya - Jawa Timur,
45,,,,,,,,,,,,,,,,,,,,,,,,,,,,,,,,,,,,,,,,,,,,,,,,,,,,,,,,,,,,,,,,,,,,,,,,,,,,,,,,,,,,,,,,,,,,,
46,1,1,,63301143,E-Purchasing,Barang,,,,,,,,,,,,19-Jan-26,Al,,,,,,,,,,,,,,,,,,,,,,,,,,,,,,,,,,,,,,,,,,,,,,,,,,,,,,,,,,,BJ.01.04/D.XII.10/696/2026,19-Jan-26,Al,"Rp84,476,617",,,,84.476.617,,14,Hr Kalender,TANRI MAJU MAPAN,,,"jalan kyai caringin blok A, Nomor 5.A. Lt.3 011/004, cideng, gambir, jakarta pusat",
47,,,,,,,,,,,,,,,,,,,,,,,,,,,,,,,,,,,,,,,,,,,,,,,,,,,,,,,,,,,,,,,,,,,,,,,,,,,,,,,,,,,,,,,,,,,,,
48,,,,,,,,,,,,,,,,,,,,,,,,,,,,,,,,,,,,,,,,,,,,,,,,,,,,,,,,,,,,,,,,,,,,,,,,,,,,,,,,,,,,,,,,,,,,,
49,,,1,,Pengadaan Langsung,Jasa Lainnya,,,,,,,,,,,BJ.01.03/D.XII.10/447/2026,9-Jan-26,P,,,,,,,,,,,,,,,,,,,,,,,,,,,,BJ.01.03/D.XII.10/603/2026,14-Jan-26,P,,,,,,12-Jan-26,P,,,,BJ.01.03/D.XII.10/604/2026,14-Jan-26,P,BJ.01.03/D.XII.10/605/2026,14-Jan-26,P,,,,,,,,,,,,,BJ.01.03/D.XII.10/606/2026,14-Jan-26,P,"Rp68,292,750",,,,68.292.750,,265,Hr Kalender,PT. Glomed Adinata Prima,,,"Jl. Gunung Sahari Raya No. 2 Blok E/23A, Kompleks Marinata Mangga Dua Jakarta 14420",
50,,,1,,Penunjukan Langsung,Jasa Lainnya,,,,,,,,,,,BJ.01.03/D.XII.10/448/2026,9-Jan-26,Y,,,,,,,,,,,,,,,,,,,,,,,,,,,,BJ.01.03/D.XII.10/688/2026,15-Jan-26,I,,,,14-Jan-26,Y,14-Jan-26,Y,,,,BJ.01.03/D.XII.10/689/2026,15-Jan-26,I,BJ.01.03/D.XII.10/690/2026,15-Jan-26,I,,,,,,,,,,,,,BJ.01.03/D.XII.10/691/2026,15-Jan-26,I,Rp265.987.080,,,,265.987.080,,365,Hr Kalender,PT. INTERGASTRA nusantara,(021) 6493880,Kristanto Soetarso,"Jln. P. Jayakarta 24 / 34-35, Jakarta - 10730",
51,1,1,,63354810,E-Purchasing,Jasa Lainnya,,,,,,,,,,,,11-Feb-26,Y,,,,,,,,,,,,,,,,,,,,,,,,,,,,,,,,,,,,,,,,,,,,,,,,,,,,,,,,,,,BJ.01.04/D.XII.10/1764/2026,13-Feb-26,I,Rp438.514.527,,,,438.514.527,,11,Bulan, AGREE MULIA UTAMA,,,JL. MEKARSARI DALAM RT.002/07 KEL.MEKARSARI KEC. CIMANGGIS - DEPOK,
52,,,1,,Pengadaan Langsung,Jasa Lainnya,,,,,,,,,,,BJ.01.01/D.XII.10/446/2025,9-Jan-26,Y,,,,,,,,,,,,,,,,,,,,,,,,,,,,BJ.01.03/D.XII.10/494/2026,12-Jan-26,I,,,,,,,,,,,BJ.01.03/D.XII.10/495/2026,12-Jan-26,I,,,,,,,,,,,,,,,,BJ.01.03/D.XII.10/496/2026,12-Jan-26,I,"Rp40,835,327",,,,40.835.327,,30,Hr Kalender,PT. Rentokil Indonesia,,,"Jl. RA. Kartini Kav. 8 Cilandak, Jakarat Selatan 12430",
53,,,,,,,,,,,,,,,,,,,,,,,,,,,,,,,,,,,,,,,,,,,,,,,,,,,,,,,,,,,,,,,,,,,,,,,,,,,,,,,,,,,,,,,,,,,,,
54,,,,,,,,,,,,,,,,,,,,,,,,,,,,,,,,,,,,,,,,,,,,,,,,,,,,,,,,,,,,,,,,,,,,,,,,,,,,,,,,,,,,,,,,,,,,,
55,1,1,,62200323,E-Purchasing,Barang,,,,,,,,,,,,9-Jan-26,Ar,,,,,,,,,,,,,,,,,,,,,,,,,,,,,,,,,,,,,,,,,,,,,,,,,,,,,,,,,,,BJ.01.04/D.XII.10/486/2026,12-Jan-26,Ar,"Rp84,999,993",,,,84.999.993,,14,Hr Kalender,INDIE DABELES INDONESIA,,,Jl. Karyawan III GG Soka VII No. 117 RT 002/07 Katang Timur Karang Tengah Tangerang,
56,1,1,,63476638,E-Purchasing,Barang,,,,,,,,,,,,12-Feb-26,Y,,,,,,,,,,,,,,,,,,,,,,,,,,,,,,,,,,,,,,,,,,,,,,,,,,,,,,,,,,,BJ.01.04/D.XII.10/1727/2026,12-Feb-26,I,Rp1.997.143.264,,,,1.997.143.264,,365,Hr Kalender,SAMATOR INDO GAS,,,"UGM Samator Pendidikan Building A, 5th and 6th Floor Jl. Dr. Sahardjo No.83, Manggarai Tebet. Jaksel",
57,1,1,,65614694,E-Penunjukan Langsung,Jasa Lainnya,,,,,,,,,,,BJ.01.03/D.XII.10/2277/2026,25-Feb-26,Y,,,,,,,,BJ.01.03/D.XII.10/2097/2026,23-Feb-26,Y,,,,,,,,,,,,,,,,,,BJ.01.03/D.XII.10/2788/2026,4-Mar-26,Y,,,,,,,,,,,BJ.01.03/D.XII.10/2789/2026,4-Mar-26,Y,,,,,,,,,,,,,,,,BJ.01.03/D.XII.10/2791/2026,4-Mar-26,I,Rp794.155.050,,,,794.155.050,,365,Hr Kalender,PT Multi Akses Jaya,,," Ruko Icon Business Park BSD BlokS No02
Jl Raya Cisauk, Sampora, Cisauk,
Tangerang Banten
 ",
58,,,1,,Pengadaan Langsung,Jasa Lainnya,,,,,,,,,,,BJ.01.03/D.XII.10/638/2026,15-Jan-26,I,,,,,,,,,,,,,,,,,,,,,,,,,,,,BJ.01.03/D.XII.10/779/2026,20-Jan-26,I,,,,19-Jan-26,I,19-Jan-26,I,,,,BJ.01.03/D.XII.10/780/2026,20-Jan-26,I,BJ.01.03/D.XII.10/781/2026,20-Jan-26,I,,,,,,,,,,,,,BJ.01.03/D.XII.10/782/2026,20-Jan-26,I,Rp72.509.701,,,,72.509.701,,365,Hr Kalender,PT. Saba Indomedika,,,"Jl. Panjang No. 7-9, Ruko Kedoya Elok Plaza Blok DB. 33 Jakarta 11520",
59,,,,,,,,,,,,,,,,,,,,,,,,,,,,,,,,,,,,,,,,,,,,,,,,,,,,,,,,,,,,,,,,,,,,,,,,,,,,,,,,,,,,,,,,,,,,,
60,,,,,,,,,,,,,,,,,,,,,,,,,,,,,,,,,,,,,,,,,,,,,,,,,,,,,,,,,,,,,,,,,,,,,,,,,,,,,,,,,,,,,,,,,,,,,
61,1,1,,64820394,E-Purchasing,Barang,,,,,,,,,,,,19-Feb-26,I,,,,,,,,,,,,,,,,,,,,,,,,,,,,,,,,,,,,,,,,,,,,,,,,,,,,,,,,,,,BJ.01.04/D.XII.10/1936/2026,19-Feb-26,I,"Rp69,930,000",,,,69.930.000,,365,Hr Kalender,SENTRA ASIA GEMILANG,,,"Jl. Pantai Indah Barat, Komplek TOHO PIK Blok H No 25 & 27, Kamal Muara, Penjaringan, Jakarta 14470",
62,1,1,,65533234,E-Purchasing,Barang,,,,,,,,,,,,20-Feb-26,I,,,,,,,,,,,,,,,,,,,,,,,,,,,,,,,,,,,,,,,,,,,,,,,,,,,,,,,,,,,BJ.01.04/D.XII.10/1965/2026,20-Feb-26,i,"Rp245,687,400",,,,245.687.400,,365,Hr Kalender,MANGKOK KENCANA SEJATI,,,"cipinang muara no 7a, 006/003, cipinang muara, jatinegara, jakarta timur",
63,,,1,,Pengadaan Langsung,Barang,,,,,,,,,,,BJ.01.03/D.XII.10/818/2026,20-Jan-26,P,,,,,,,,,,,,,,,,,,,,,,,,,,,,BJ.01.03/D.XII.10/975/2026,26-Jan-26,P,,,,,,26-Jan-26,P,,,,BJ.01.03/D.XII.10/976/2026,26-Jan-26,P,BJ.01.03/D.XII.10/987/2026,26-Jan-26,P,,,,,,,,,,,,,BJ.01.03/D.XII.10/988/2026,26-Jan-26,P,"Rp176,712,000",,,,176.712.000,,35,Hr Kalender,PT. Artha Delima,,,"Kp. Anggris No. 3A, Kel. Curug Sangerang - Kelapa Dua, Tangerang, Banten",
64,,,1,,Pengadaan Langsung,Jasa Lainnya,,,,,,,,,,,BJ.01.03/D.XII.10/607/2026,14-Jan-26,I,,,,,,,,,,,,,,,,,,,,,,,,,,,,BJ.01.03/D.XII.10/743/2026,19-Jan-26,I,,,,15-Jan-26,I,15-Jan-26,I,,,,BJ.01.03/D.XII.10/744/2026,19-Jan-26,I,BJ.01.03/D.XII.10/745/2026,19-Jan-26,I,,,,,,,,,,,,,BJ.01.03/D.XII.10/746/2026,19-Jan-26,I,Rp163.000.000,,,,163.000.000,,365,Hr Kalender,PT. Indotehnik Agung Perkasa,Ir Mahsun,(021)58902614,Jl. Raya Joglo No. 36 Kembangan – Jakarta Barat,
65,,,1,,Pengadaan Langsung,Jasa Lainnya,,,,,,,,,,,BJ.01.03/D.XII.10/607/2026,14-Jan-26,I,,,,,,,,,,,,,,,,,,,,,,,,,,,,BJ.01.03/D.XII.10/739/2026,19-Jan-26,I,,,,19-Jan-26,I,19-Jan-26,I,,,,BJ.01.03/D.XII.10/740/2026,19-Jan-26,I,BJ.01.03/D.XII.10/741/2026,19-Jan-26,I,,,,,,,,,,,,,BJ.01.03/D.XII.10/742/2026,19-Jan-26,I,"Rp92,352,000",,,,92.352.000,,365,Hr Kalender,PT Berca Schindler Lifts,,,Komplek Puri Indah Jl. Puri Lingkar Luar Blok P Rt/Rw. 00/00 Kel. Kembangan Selatan Kec. Kembangan Jakarta Barat,
66,,,,,,,,,,,,,,,,,,,,,,,,,,,,,,,,,,,,,,,,,,,,,,,,,,,,,,,,,,,,,,,,,,,,,,,,,,,,,,,,,,,,,,,,,,,,,
67,,,,,,,,,,,,,,,,,,,,,,,,,,,,,,,,,,,,,,,,,,,,,,,,,,,,,,,,,,,,,,,,,,,,,,,,,,,,,,,,,,,,,,,,,,,,,
68,,,,,,,,,,,,,,,,,,,,,,,,,,,,,,,,,,,,,,,,,,,,,,,,,,,,,,,,,,,,,,,,,,,,,,,,,,,,,,,,,,,,,,,,,,,,,
69,,,,,,,,,,,,,,,,,,,,,,,,,,,,,,,,,,,,,,,,,,,,,,,,,,,,,,,,,,,,,,,,,,,,,,,,,,,,,,,,,,,,,,,,,,,,,
70,1,1,,63096057,E-Purchasing,Jasa Lainnya,,,,,,,,,,,,14-Jan-26,Y,,,,,,,,,,,,,,,,,,,,,,,,,,,,,,,,,,,,,,,,,,,,,,,,,,,,,,,,,,,BJ.01.04/D.XII.10/654/2026,15-Jan-26,I,"Rp1,046,748,894",,,,1.046.748.894,,365,Hr Kalender,EKSGON BROTHER,,,"Jalan Malaka Merah III B/15, RT.09/RW.010 Pondok Kopi, Duren Sawit, Jakarta Timur 13460",
71,1,1,,64483296,E-Purchasing,Jasa Lainnya,,,,,,,,,,,,30-Jan-26,Ar,,,,,,,,,,,,,,,,,,,,,,,,,,,,,,,,,,,,,,,,,,,,,,,,,,,,,,,,,,,BJ.01.03/D.XII.10/1441/2026,3-Feb-26,Ar,"Rp643,139,550",,,,643.139.550,,365,Hr Kalender,GRATIA JAYA MULYA,,,"Gading Park View, Jl. Boulevard Timur Raya Blok ZC I No.10-11, Kelapa Gading - Jakarta Utara 14250",
72,,,,,,,,,,,,,,,,,,,,,,,,,,,,,,,,,,,,,,,,,,,,,,,,,,,,,,,,,,,,,,,,,,,,,,,,,,,,,,,,,,,,,,,,,,,,,
73,,,1,,Pengadaan Langsung,Jasa Lainnya,,,,,,,,,,,BJ.01.03/D.XII.10/1472/2026,4-Feb-26,I,,,,,,,,,,,,,,,,,,,,,,,,,,,,BJ.01.03/D.XII.10/1671/2026,11-Feb-26,I,,,,10-Feb-26,I,10-Feb-26,I,,,,BJ.01.03/D.XII.10/1672/2026,11-Feb-26,I,BJ.01.03/D.XII.10/1673/2026,11-Feb-26,I,,,,,,,,,,,,,BJ.01.03/D.XII.10/1674/2026,11-Feb-26,I,"Rp44,430,000",,,,44.430.000,,365,Hr Kalender,Balai Besar Biomedis dan Genomika Kesehatan,,,"Jl. Percetakan Negara No. 23 B, Jakarta Pusat 10560",
74,,,1,,Pengadaan Langsung,Jasa Lainnya,,,,,,,,,,,BJ.01.03/D.XII.10/979/2026,27-Jan-26,Al,,,,,,,,,,,,,,,,,,,,,,,,,,,,BJ.01.03/D.XII.10/1013/2026,27-Jan-26,Al,,,,,,,,,,,BJ.01.03/D.XII.10/1013A/2026,27-Jan-26,Al,BJ.01.03/D.XII.10/1014/2026,27-Jan-26,Al,,,,,,,,,,,,,BJ.01.03/D.XII.10/1014A/2026,27-Jan-26,Al,Rp79.920.000,,,,79.920.000,,365,Hr Kalender,PT. Bahtera Wira Persada,Khuntari Ika Whardhani,81384739768,"AIA Central Lt.13, Jl. Jenderal Sudirman Kav. 48A, Karet Semanggi, Kecamatan Setaibudi, Jakarta Selatan",
75,,,1,,Pengadaan Langsung,Jasa Lainnya,,,,,,,,,,,BJ.01.03/D.XII.10/977/2026,26-Jan-26,Al,,,,,,,,,,,,,,,,,,,,,,,,,,,,BJ.01.03/D.XII.10/1009/2026,27-Jan-26,Al,,,,27-Jan-26,Al,27-Jan-26,Al,,,,BJ.01.03/D.XII.10/1010/2026,27-Jan-26,Al,BJ.01.03/D.XII.10/1011/2026,27-Jan-26,Al,,,,,,,,,,,,,BJ.01.03/D.XII.10/1011/2026,27-Jan-26,Al,Rp72.000.000,,,,72.000.000,,365,Hr Kalender,PT. Louserindo Megah Permai,,,Jl. Raya Kebayoran Lama No. 194 A Blok B IV dan V Jakarta Selatan,
76,,,,,,,,,,,,,,,,,,,,,,,,,,,,,,,,,,,,,,,,,,,,,,,,,,,,,,,,,,,,,,,,,,,,,,,,,,,,,,,,,,,,,,,,,,,,,
77,1,1,,65618737,E-Purchasing,Barang,,,,,,,,,,,,17-Feb-26,Y,,,,,,,,,,,,,,,,,,,,,,,,,,,,,,,,,,,,,,,,,,,,,,,,,,,,,,,,,,,BJ.01.04/D.XII.10/1843/2026,18-Feb-26,I,Rp196.620.000,,,,196.620.000,,30,Hr Kalender, AMERTA SUKSES ABADI,,," Jl. Kayu Manis VIII No. 38 Matraman, Jakarta Timur",
78,1,1,,65618761,E-Purchasing,Barang,,,,,,,,,,,,17-Feb-26,Y,,,,,,,,,,,,,,,,,,,,,,,,,,,,,,,,,,,,,,,,,,,,,,,,,,,,,,,,,,,BJ.01.04/D.XII.10/1843/2026,18-Feb-26,I,"Rp326,400,000",,,,326.400.000,,30,Hr Kalender, AMERTA SUKSES ABADI,,," Jl. Kayu Manis VIII No. 38 Matraman, Jakarta Timur",
79,,,,,,,,,,,,,,,,,,,,,,,,,,,,,,,,,,,,,,,,,,,,,,,,,,,,,,,,,,,,,,,,,,,,,,,,,,,,,,,,,,,,,,,,,,,,,
80,1,1,,64674067,E-Purchasing,Barang,,,,,,,,,,,,30-Jan-26,I,,,,,,,,,,,,,,,,,,,,,,,,,,,,,,,,,,,,,,,,,,,,,,,,,,,,,,,,,,,BJ.01.04/D.XII.10/1192/2026,30-Jan-26,I,Rp198.997.459,,,,198.997.459,,365,Hr Kalender,UNIBLESS INDO MULTI,,,"Ruko Grand Pasar Minggu Blok 88E, Jl. Rawa Bambu Raya No.88 Pasar Minggu, Jakarta Selatan",
81,,,1,,Pengadaan Langsung,Jasa Lainnya,,,,,,,,,,,,,,,,,,,,,,,,,,,,,,,,,,,,,,,,,,,,,,,,,,,,,,,,,,,,,,,,,,,,,,,,BJ.01.03/D.XII.10/1008/2026,27-Jan-26,G,"Rp150,000,000",,,,150.000.000,,2,Hr Kerja,Dawera Taher,,,"Citra Gran Cibubur, Cluster TARN Blok 09/37, RT/RW 004/014, Kel. Jatikarya, Kec. Jati Sampurna",
82,1,1,,65566459,E-Pengadaan Langsung,Barang,,,,,,,,,,,BJ.01.03/D.XII.10/1873/2026,18-Feb-26,Y,,,,,,,,,,,,,,,,,,,,,,,,,,,,BJ.01.03/D.XII.10/2136/2026,23-Feb-26,Y,,,,23-Feb-26,Y,23-Feb-26,Y,,,,BJ.01.03/D.XII.10/2137/2026,23-Feb-26,Y,,,,,,,,,,,,,,,,BJ.01.03/D.XII.10/2146/2026,24-Feb-26,I,"Rp148,120,591.41",,,,"148.120.591,41",,90,Hr Kalender,PT. BERCA NIAGA MEDIKA,,,"Gedung Berca Lt1, Jl Abdul Muis 62",
83,,,1,,Pengadaan Langsung,Barang,,,,,,,,,,,BJ.01.03/D.XII.10/1616/2026,12-Feb-26,I,,,,,,,,,,,,,,,,,,,,,,,,,,,,,,,,,,11-Feb-26,I,11-Feb-26,I,,,,,,,,,,,,,,,,,,,,,,,,,,I,1720,12-Feb-26,47.508.000,,90,Hr Kalender,PT. EKSGON BROTHER,,,"Ruko Malaka Country Blok B/15, Jl. Malaka Merah, Duren Sawit, Jakarta Timur 13260",
84,,,,,,,,,,,,,,,,,,,,,,,,,,,,,,,,,,,,,,,,,,,,,,,,,,,,,,,,,,,,,,,,,,,,,,,,,,,,,,,,,,,,,,,,,,,,,
85,,,,,,,,,,,,,,,,,,,,,,,,,,,,,,,,,,,,,,,,,,,,,,,,,,,,,,,,,,,,,,,,,,,,,,,,,,,,,,,,,,,,,,,,,,,,,
86,,,1,,Pengadaan Langsung,Barang,,,,,,,,,,,BJ.01.03/D.XII.10/1420/2026,2-Feb-26,P,,,,,,,,,,,,,,,,,,,,,,,,,,,,,,,,,,,,5-Feb-26,P,,,,,,,,,,,,,,,,,,,,,,,,,,P,1557,6-Feb-26,38.295.000,,30,Hr Kalender,PT. Caturkarya Gemaswadaya,PT. Caturkarya Gemaswadaya,,Jl. Kyai Caringin No. 16 A Jakarta Pusat,
87,,,1,,Pengadaan Langsung,Barang,,,,,,,,,,,BJ.01.03/D.XII.10/1609/2026,9-Feb-26,Ar,,,,,,,,,,,,,,,,,,,,,,,,,,,,,,,,,,13-Feb-26,Ar,13-Feb-26,Ar,,,,,,,,,,,,,,,,,,,,,,,,,,Ar,1842,18-Feb-26,9.950.151,,30,Hr Kalender,PT. SINAR AMARTAPURA PERSADA,,,"Jl. Bina Lontar No. 32A, Jaticempaka, Pondok Gede, Bekasi 17411",
88,,,1,,Pengadaan Langsung,Barang,,,,,,,,,,,BJ.01.03/D.XII.10.1/1393/2026,30-Jan-26,Y,,,,,,,,,,,,,,,,,,,,,,,,,,,,,,,,,,4-Feb-26,Y,4-Feb-26,Y,,,,,,,,,,,,,,,,,,,,,,,,,,I,1473,4-Feb-26,60.416.606,,21,Hr Kalender,Koperasi Karyawan R.S. Kanker “Dharmais” (KOPKAR RSKD),,,"Jln. Let. Jen S. Parman Kav. 84-86 Slipi, Jakarta",
89,,,,,,,,,,,,,,,,,,,,,,,,,,,,,,,,,,,,,,,,,,,,,,,,,,,,,,,,,,,,,,,,,,,,,,,,,,,,,,,,,,,,,,,,,,,,,
90,,,1,,Pengadaan Langsung,Jasa Lainnya,,,,,,,,,,,BJ.01.03/D.XII.10/1462/2026,4-Feb-26,I,,,,,,,,,,,,,,,,,,,,,,,,,,,,BJ.01.03/D.XII.10/1592/2026,6-Feb-26,I,,,,6-Feb-26,I,6-Feb-26,I,,,,BJ.01.03/D.XII.10/1593/2026,6-Feb-26,I,BJ.01.03/D.XII.10/1594/2026,6-Feb-26,I,,,,,,,,,,,,,BJ.01.03/D.XII.10/1595/2026,6-Feb-26,I,Rp189.988.211,,,,189.988.211,,330,Hr Kalender,CV. Grasia Raya Mandiri,Ir. Franklin M Sianipar,(021) 7301898,"Pondok Lakah Permai G/16, Ciledug 15153",
91,,,1,,Pengadaan Langsung,Barang,,,,,,,,,,,BJ.01.03/D.XII.10/1515/2026,5-Feb-26,I,,,,,,,,,,,,,,,,,,,,,,,,,,,,,,,,,,10-Feb-26,I,10-Feb-26,I,,,,,,,,,,,,,,,,,,,,,,,,,,I,1712,12-Feb-26,35.853.000,,21,Hr Kalender,PT. SINAR AMARTAPURA PERSADA,,,"Jl. Bina lontar No.32A Jaticempaka, Pondok Gede, Bekasi 17411",
92,,,,,,,,,,,,,,,,,,,,,,,,,,,,,,,,,,,,,,,,,,,,,,,,,,,,,,,,,,,,,,,,,,,,,,,,,,,,,,,,,,,,,,,,,,,,,
93,,,1,,Pengadaan Langsung,Jasa Lainnya,,,,,,,,,,,BJ.01.03/D.XII.10/1461/2026,4-Feb-26,I,,,,,,,,,,,,,,,,,,,,,,,,,,,,BJ.01.03/D.XII.10/1596/2026,6-Feb-26,I,,,,6-Feb-26,I,6-Feb-26,I,,,,BJ.01.03/D.XII.10/1597/2026,6-Feb-26,I,BJ.01.03/D.XII.10/1598/2026,6-Feb-26,I,,,,,,,,,,,,,BJ.01.03/D.XII.10/1599/2026,6-Feb-26,I,Rp111.000.000,,,,111.000.000,,330,Hr Kalender,CV. Grasia Raya Mandiri,Ir. Franklin M Sianipar,(021) 7301898,"Pondok Lakah Permai G/16, Ciledug 15153",
94,,,1,,Pengadaan Langsung,Barang,,,,,,,,,,,BJ.01.01/D.XII.10/1394/2026,30-Jan-26,Y,,,,,,,,,,,,,,,,BJ.01.01/D.XII.10/1460/2025,3-Feb-26,Y,,,,,,,,,,,,,,,,,,,,,,,BJ.01.01/D.XII.10/1548/2026,5-Feb-26,Y,BJ.01.01/D.XII.10/1558/2026,6-Feb-26,Y,,,,,,,,,,,,,BJ.01.03/D.XII.10/1591/2026,6-Feb-26,I,"Rp82,085,666",,,,82.085.666,,30,Hr Kalender,PT Caturkarya Gemaswadaya,,,Jl. Kyai Caringin No. 16 A  Jakarta,
95,1,1,,63376432,E-Purchasing,Barang,,,,,,,,,,,,13-Jan-26,Y,,,,,,,,,,,,,,,,,,,,,,,,,,,,,,,,,,,,,,,,,,,,,,,,,,,,,,,,,,,BJ.01.04/D.XII.10/593/2026,13-Jan-26,I,Rp1.506.060.088,,,,1.506.060.088,,365,Hr Kalender,"PT Enseval Putera Megatrading cabang JAKARTA-2, MERAPI UTAMA PHARMA, ANUGRAH ARGON MEDICA, BINA SAN PRIMA",,,,
96,,,1,,Penunjukan Langsung,Barang,,,,,,,,,,,"BJ.01.02/XII.D.10/12621/2025, BJ.01.02/XII.D.10/12620/2025",29-Jan-26,Y,,,,,,,,,,,,,,,,,,,,,,,,,,,,BJ.01.03/D.XII.10/594/2026,13-Jan-26,I,,,,,,,,,,,BJ.01.03/D.XII.10/595/2026,13-Jan-26,I,,,,,,,,,,,,,,,,BJ.01.03/D.XII.10/596/2026,13-Jan-26,I,Rp1.248.514.112,,,,1.248.518.192,,365,Hr Kalender,"PT. Anugrah Pharmindo Lestari, PT. Enseval Putera Megatrading",,,,
97,1,1,,65074465,E-Pengadaan Langsung,Barang,,,,,,,,,,,BJ.01.03/D.XII.10/1474/2026,4-Feb-26,Y,,,,,,,,,,,,,,,,,,,,,,,,,,,,BJ.01.03/D.XII.10/1656/2026,10-Feb-26,Y,,,,,,,,,,,BJ.01.03/D.XII.10/1657/2026,10-Feb-26,Y,,,,,,,,,,,,,,,,BJ.01.03/D.XII.10/1675/2026,11-Feb-26,I,"Rp68,806,125",,,,68.806.125,,30,Hr Kalender,"  PT. Sinar Amartapura
Persada  ",,,Jl Binalontar No 32A Jaticempaka Pondok Gede Kota Bekasi,
98,1,1,,65074355,E-Pengadaan Langsung,Barang,,,,,,,,,,,BJ.01.03/D.XII.10/1475/2026,4-Feb-26,Y,,,,,,,,,,,,,,,,,,,,,,,,,,,,BJ.01.03/D.XII.10/1658/2026,10-Feb-26,Y,,,,,,,,,,,BJ.01.03/D.XII.10/1659/2026,10-Feb-26,Y,,,,,,,,,,,,,,,,BJ.01.03/D.XII.10/1676/2026,11-Feb-26,I,"Rp173,212,170",,,,173.212.170,,30,Hr Kalender,"  PT. Sinar Amartapura
Persada  ",,,Jl Binalontar No 32A Jaticempaka Pondok Gede Kota Bekasi,
99,,,,,,,,,,,,,,,,,,,,,,,,,,,,,,,,,,,,,,,,,,,,,,,,,,,,,,,,,,,,,,,,,,,,,,,,,,,,,,,,,,,,,,,,,,,,,
100,,,1,,Pengadaan Langsung,Barang,,,,,,,,,,,BJ.01.03/D.XII.10/3359/2026,26-Mar-26,I,,,,,,,,,,,,,,,,,,,,,,,,,,,,BJ.01.03/D.XII.10/3476/2026,31-Mar-26,I,,,,30-Mar-26,I,30-Mar-26,I,,,,BJ.01.03/D.XII.10/3477/2026,31-Mar-26,I,BJ.01.03/D.XII.10/3478/2026,31-Mar-26,I,,,,,,,,,,,,,BJ.01.03/D.XII.10/3479/2026,31-Mar-26,I,Rp88.800.000,,,,88.800.000,,365,Hr Kalender,PT. Artha Delima,,,"Kp. Anggris No.3A, Kel. Curug Sangerang - Kelapa Dua, Tangerang, Banten 15810",
101,,,1,,Pengadaan Langsung,Jasa Lainnya,,,,,,,,,,,BJ.01.03/D.XII.10/1834/2026,13-Feb-26,Al,,,,,,,,,,,,,,,,,,,,,,,,,,,,BJ.01.03/D.XII.10/1876/2026,18-Feb-26,Al,,,,,,,,,,,BJ.01.03/D.XII.10/1877/2026,18-Feb-26,Al,BJ.01.03/D.XII.10/1878/2026,18-Feb-26,Al,,,,,,,,,,,,,BJ.01.03/D.XII.10/1879/2026,18-Feb-26,Al,Rp71.417.500,,,,71.417.500,,365,Hr Kalender,PT. Macocentris Sakti,Benny Soegiharto,(021) 84590374,"Citra Gran Blok B7 No. 12 Jl. Alternatif Cibubur Km 4, Kota Bekasi",
102,,,,,,,,,,,,,,,,,,,,,,,,,,,,,,,,,,,,,,,,,,,,,,,,,,,,,,,,,,,,,,,,,,,,,,,,,,,,,,,,,,,,,,,,,,,,,
103,,,,,,,,,,,,,,,,,,,,,,,,,,,,,,,,,,,,,,,,,,,,,,,,,,,,,,,,,,,,,,,,,,,,,,,,,,,,,,,,,,,,,,,,,,,,,
104,,,,,,,,,,,,,,,,,,,,,,,,,,,,,,,,,,,,,,,,,,,,,,,,,,,,,,,,,,,,,,,,,,,,,,,,,,,,,,,,,,,,,,,,,,,,,
105,1,1,,65783865,E-Tender,Jasa Lainnya,,,,,,,,,,,BJ.01.01/D.XII.10/2664/2026,3-Mar-26,G,,,,,,,,,,,,,,,,,,,,,,,,,,,,BJ.01.01/D.XII.10/3340/2026,25-Mar-26,G,,,,,,,,,,,BJ.01.01/D.XII.10/3341/2026,25-Mar-26,G,,,,,,,,,,,,,,,,BJ.01.01/D.XII.10/3610/2026,31-Mar-26,G,"Rp33.439.637.702,70",,,,"33.439.637.702,70",,365,Hr Kalender,PT. Mega Primatama,,8111666264,"Jl. Prajurit KKO Usman dan Harun No. 30E, Senen, Jakarta Pusat",
106,1,1,,65783893,E-Tender,Jasa Lainnya,,,,,,,,,,,BJ.01.01/D.XII.10/2741/2026,3-Mar-26,G,,,,,,,,,,,,,,,,,,,,,,,,,,,,BJ.01.01/D.XII.10/3314/2026,17-Mar-26,G,,,,,,,,,,,BJ.01.01/D.XII.10/3315/2026,17-Mar-26,G,,,,,,,,,,,,,,,,BJ.01.01/D.XII.10/3460/2026,30-Mar-26,G,Rp13.293.500.195,,,,13.293.500.195,,365,Hr Kalender,PT. Mega Primatama,,8111666264,"Jl. Prajurit KKO Usman dan Harun No. 30E, Senen, Jakarta Pusat",
107,,,,,,,,,,,,,,,,,,,,,,,,,,,,,,,,,,,,,,,,,,,,,,,,,,,,,,,,,,,,,,,,,,,,,,,,,,,,,,,,,,,,,,,,,,,,,
108,,,1,,Pengadaan Langsung,Barang,,,,,,,,,,,BJ.01.03/D.XII.10/591/2026,13-Jan-26,Y,,,,,,,,,,,,,,,,,,,,,,,,,,,,BJ.01.03/D.XII.10/1728/2026,12-Feb-26,I,,,,,,,,,,,BJ.01.03/D.XII.10/1729/2026,12-Feb-26,I,,,,,,,,,,,,,,,,BJ.01.03/D.XII.10/1730/2026,12-Feb-26,I,"Rp1,745,368",,,,1.745.368,,365,Hr Kalender,SAMATOR INDO GAS,,,"UGM Samator Pendidikan Building A, 5th and 6th Floor Jl. Dr. Sahardjo No.83, Manggarai Tebet. Jaksel",
109,,,,,,,,,,,,,,,,,,,,,,,,,,,,,,,,,,,,,,,,,,,,,,,,,,,,,,,,,,,,,,,,,,,,,,,,,,,,,,,,,,,,,,,,,,,,,
110,,,,,,,,,,,,,,,,,,,,,,,,,,,,,,,,,,,,,,,,,,,,,,,,,,,,,,,,,,,,,,,,,,,,,,,,,,,,,,,,,,,,,,,,,,,,,
111,,,,,,,,,,,,,,,,,,,,,,,,,,,,,,,,,,,,,,,,,,,,,,,,,,,,,,,,,,,,,,,,,,,,,,,,,,,,,,,,,,,,,,,,,,,,,
112,,,,,,,,,,,,,,,,,,,,,,,,,,,,,,,,,,,,,,,,,,,,,,,,,,,,,,,,,,,,,,,,,,,,,,,,,,,,,,,,,,,,,,,,,,,,,
113,1,1,,65758043,E-Purchasing,Barang,,,,,,,,,,,,24-Feb-26,I,,,,,,,,,,,,,,,,,,,,,,,,,,,,,,,,,,,,,,,,,,,,,,,,,,,,,,,,,,,BJ.01.04/D.XII.10/2164/2026,24-Feb-26,I,"Rp179,026,961",,,,179.026.961,,30,Hr Kalender,SEKAR BUNGA,,,"Komp PU Pengairan No. 100 Kel Koang Jaya , Karawaci Kota Tangerang",
114,,,1,,Pengadaan Langsung,Barang,,,,,,,,,,,BJ.01.03/D.XII.10/1875/2026,18-Feb-26,I,,,,,,,,,,,,,,,,,,,,,,,,,,,,BJ.01.03/D.XII.10/2259/2026,25-Feb-26,I,,,,20-Feb-26,Y,20-Feb-26,Y,,,,BJ.01.03/D.XII.10/2260/2026,25-Feb-26,I,,,,,,,,,,,,,,,,BJ.01.03/D.XII.10/2261/2026,25-Feb-26,I,"Rp134,537,485",,,,134.537.485,,25,Hr Kalender,Koperasi Karyawan R.S. Kanker “Dharmais” (KOPKAR RSKD),,,"Jln. Let. Jen S. Parman Kav. 84-86 Slipi, Jakarta",
115,1,1,,65947145,E-Purchasing,Barang,,,,,,,,,,,,27-Feb-26,Ar,,,,,,,,,,,,,,,,,,,,,,,,,,,,,,,,,,,,,,,,,,,,,,,,,,,,,,,,,,,BJ.01.04/D.XII.10/2544/2026,2-Mar-26,Ar,Rp1.804.200.054,,,,1.804.200.054,,14,Hr Kalender,INFINITRADE TECHNOLOGY INDONESIA,,,"Menara 165 LT. 14 Unit E JL. TB Simatupang No. K Cilandak Timur Pasar Minggu, Jakarta Selatan 12560",
116,,,1,,Pengadaan Langsung,Barang,,,,,,,,,,,BJ.01.03/D.XII.10/2305/2026,26-Feb-26,P,,,,,,,,,,,,,,,,,,,,,,,,,,,,BJ.01.03/D.XII.10/2839/2026,5-Mar-26,P,,,,,,,,,,,BJ.01.03/D.XII.10/3840/2026,5-Mar-26,P,BJ.01.03/D.XII.10/2849/2026,6-Mar-26,,,,,,,,,,,,,,BJ.01.03/D.XII.10/2850/2026,6-Mar-26,P,Rp187.118.250,,,,187.118.250,,30,Hr Kalender,PT. Caturkarya Gemaswadaya,Budiyanto,(021) 63863233,Jl. Kyai Caringin No. 16 A Jakarta,
117,,,,,,,,,,,,,,,,,,,,,,,,,,,,,,,,,,,,,,,,,,,,,,,,,,,,,,,,,,,,,,,,,,,,,,,,,,,,,,,,,,,,,,,,,,,,,
118,,,,,,,,,,,,,,,,,,,,,,,,,,,,,,,,,,,,,,,,,,,,,,,,,,,,,,,,,,,,,,,,,,,,,,,,,,,,,,,,,,,,,,,,,,,,,
119,1,1,,65758102,E-Purchasing,Barang,,,,,,,,,,,,24-Feb-26,Al,,,,,,,,,,,,,,,,,,,,,,,,,,,,,,,,,,,,,,,,,,,,,,,,,,,,,,,,,,,BJ.01.04/D.XII.10/2262/2026,25-Feb-26,Al,153929250,,,,153.929.250,,30,Hr Kalender,SEKAR BUNGA,,,"Komp PU Pengairan No. 100 Kel. Koang Jaya, Karawaci Kota Tangerang 15112",
120,,,1,,Pengadaan Langsung,Barang,,,,,,,,,,,BJ.01.03/D.XII.10/2283/2026,25-Feb-26,I,,,,,,,,,,,,,,,,,,,,,,,,,,,,BJ.01.03/D.XII.10/2556/2026,2-Mar-26,I,,,,27-Feb-26,I,27-Feb-26,I,,,,BJ.01.03/D.XII.10/2557/2026,2-Mar-26,I,BJ.01.03/D.XII.10/2558/2026,2-Mar-26,I,,,,,,,,,,,,,BJ.01.03/D.XII.10/2559/2026,2-Mar-26,I,Rp124.200.000,,,,124.200.000,,90,Hr Kalender,PT. Oasis Waters Internasional,Armand Sebastian Gunawan,(021) 8755585,"Jl. K.H. Moh. Mansyur No. 38, Tanah Sareal Jakarta Barat 11210",
121,,,,,,,,,,,,,,,,,,,,,,,,,,,,,,,,,,,,,,,,,,,,,,,,,,,,,,,,,,,,,,,,,,,,,,,,,,,,,,,,,,,,,,,,,,,,,
122,,,,,,,,,,,,,,,,,,,,,,,,,,,,,,,,,,,,,,,,,,,,,,,,,,,,,,,,,,,,,,,,,,,,,,,,,,,,,,,,,,,,,,,,,,,,,
123,1,1,,65758195,E-Purchasing,Barang,,,,,,,,,,,,25-Feb-26,Al,,,,,,,,,,,,,,,,,,,,,,,,,,,,,,,,,,,,,,,,,,,,,,,,,,,,,,,,,,,BJ.01.04/D.XII.10/2268/2026,25-Feb-26,Al,Rp83.956.253,,,,83.956.253,,20,Hr Kalender,TANRI MAJU MAPAN,,,"jalan kyai caringin blok A, Nomor 5.A. Lt.3 011/004, cideng, gambir, jakarta pusat",
124,,,1,,Tender,Jasa Lainnya,,,,,,,,,,,BJ.01.03/D.XII.10/12622/2025,29-Dec-26,G,,,,,,,,,,,,,,,,,,,,,,,,,,,,,,,,,,,,,,,,,BJ.01.03/D.XII.10/12643/2025,31-Dec-25,G,,,,,,,,,,,,,,,,BJ.01.03/D.XII.10/12645/2025,31-Dec-25,G,Rp5.833.909.740,,,,5.833.909.740,,90,Hr Kalender,PT. Trans Dana Profitri,Baskoro Rianda,(021) 29483699,"Gd. Graha Slipi Tower Lt. 42, Unit G-H Kav. 22-24, Palmerah, Jakarta Barat",
125,,,,,,,,,,,,,,,,,,,,,,,,,,,,,,,,,,,,,,,,,,,,,,,,,,,,,,,,,,,,,,,,,,,,,,,,,,,,,,,,,,,,,,,,,,,,,
126,,,,,,,,,,,,,,,,,,,,,,,,,,,,,,,,,,,,,,,,,,,,,,,,,,,,,,,,,,,,,,,,,,,,,,,,,,,,,,,,,,,,,,,,,,,,,
127,1,1,,66345542,E-Purchasing,Barang,,,,,,,,,,,,16-Mar-26,Ar,,,,,,,,,,,,,,,,,,,,,,,,,,,,,,,,,,,,,,,,,,,,,,,,,,,,,,,,,,,BJ.01.04/D.XII.10/3258/2026,17-Mar-26,Ar,Rp113.400.000,,,,113.400.000,,14,Hr Kalender,INFINITRADE TECHNOLOGY INDONESIA,,,"Menara 165 LT. 14 Unit E JL. TB Simatupang No. K Cilandak Timur Pasar Minggu, Jakarta Selatan 12560",
128,1,1,,66350310,E-Purchasing,Barang,,,,,,,,,,,,17-Mar-26,Ar,,,,,,,,,,,,,,,,,,,,,,,,,,,,,,,,,,,,,,,,,,,,,,,,,,,,,,,,,,,BJ.01.04/D.XII.10/3273/2026,17-Mar-26,Ar,Rp38.961.000,,,,38.961.000,,14,Hr Kalender,MAJA WASANA BAKTI,,,"KAMPUNG SAWAH, JATIMELATI, PONDOKMELATI, KOTA BEKASI, JABAR",
129,1,1,,66133575,E-Purchasing,Barang,,,,,,,,,,,,4-Mar-26,Ar,,,,,,,,,,,,,,,,,,,,,,,,,,,,,,,,,,,,,,,,,,,,,,,,,,,,,,,,,,,BJ.01.04/D.XII.10/2755/2026,4-Mar-26,Ar,Rp337.840.000,,,,337.840.000,,14,Hr Kalender,INDOKOMTEK PERSADA INTEGRASI,,,"Gedung Artha Graha, 26 Floor (SCBD) Unit 2601, Jl. Jendral Sudirman No. 52-53 - Jakarta Selatan",
130,,,1,,Pengadaan Langsung,Barang,,,,,,,,,,,BJ.01.01/D.XII.10/2274/2026,25-Feb-26,Y,,,,,,,,,,,,,,,,,,,,,,,,,,,,,,,,,,,,,,,,,BJ.01.01/D.XII.10/2483/2026,27-Feb-26,Y,BJ.01.01/D.XII.10/2484/2026,27-Feb-26,Y,,,,,,,,,,,,,BJ.01.03/D.XII.10/2505/2026,27-Feb-26,I,Rp187.785.776,,,,187.785.776,,30,Hr Kalender,PT. Caturkarya Gemaswadaya,Budiyanto,(021) 63863233,Jl. Kyai Caringin No. 16 A Jakarta,
131,1,1,,66345178,E-Purchasing,Barang,,,,,,,,,,,,12-Mar-26,Ar,,,,,,,,,,,,,,,,,,,,,,,,,,,,,,,,,,,,,,,,,,,,,,,,,,,,,,,,,,,BJ.01.04/D.XII.10/3054/2026,12-Mar-26,Ar,Rp116.400.003,,,,116.400.003,,7,Hr Kalender,INFINITRADE TECHNOLOGY INDONESIA,,,"Menara 165 LT. 14 Unit E JL. TB Simatupang No. K Cilandak Timur Pasar Minggu, Jakarta Selatan 12560",
132,,,,,,,,,,,,,,,,,,,,,,,,,,,,,,,,,,,,,,,,,,,,,,,,,,,,,,,,,,,,,,,,,,,,,,,,,,,,,,,,,,,,,,,,,,,,,
133,,,,,,,,,,,,,,,,,,,,,,,,,,,,,,,,,,,,,,,,,,,,,,,,,,,,,,,,,,,,,,,,,,,,,,,,,,,,,,,,,,,,,,,,,,,,,
134,1,1,,65947835,E-Purchasing,Barang,,,,,,,,,,,,27-Feb-26,Ar,,,,,,,,,,,,,,,,,,,,,,,,,,,,,,,,,,,,,,,,,,,,,,,,,,,,,,,,,,,BJ.01.04/D.XII.10/2547/2026,2-Mar-26,Ar,Rp22.149.999,,,,22.149.999,,14,Hr Kalender,INDIE DABELES INDONESIA,,,Jl Karyawan III GG soka VII No.117 RT 002/07 Karang Timur Karang tengah Tangerang banten,
135,1,1,,65947293,E-Purchasing,Barang,,,,,,,,,,,,27-Feb-26,Ar,,,,,,,,,,,,,,,,,,,,,,,,,,,,,,,,,,,,,,,,,,,,,,,,,,,,,,,,,,,BJ.01.04/D.XII.10/2545/2026,2-Mar-26,Ar,Rp793.799.968,,,,793.799.968,,14,Hr Kalender,INDIE DABELES INDONESIA,,,Jl Karyawan III GG soka VII No.117 RT 002/07 Karang Timur Karang tengah Tangerang banten,
136,1,1,,66173527,E-Purchasing,Barang,,,,,,,,,,,,5-Mar-26,I,,,,,,,,,,,,,,,,,,,,,,,,,,,,,,,,,,,,,,,,,,,,,,,,,,,,,,,,,,,BJ.01.04/D.XII.10/2838/2026,5-Mar-26,I,Rp6.523.497,,,,6.523.497,,30,Hr Kalender,DWIRAMA JAYA DISTRIBUSINDO,,,"Perum Villa Dago Cluster Kintamani Blok G14/7 , RT004/024, Kel Benda Baru, Kec Pamulang",
137,,,,,,,,,,,,,,,,,,,,,,,,,,,,,,,,,,,,,,,,,,,,,,,,,,,,,,,,,,,,,,,,,,,,,,,,,,,,,,,,,,,,,,,,,,,,,
138,,,,,,,,,,,,,,,,,,,,,,,,,,,,,,,,,,,,,,,,,,,,,,,,,,,,,,,,,,,,,,,,,,,,,,,,,,,,,,,,,,,,,,,,,,,,,
139,,,,,,,,,,,,,,,,,,,,,,,,,,,,,,,,,,,,,,,,,,,,,,,,,,,,,,,,,,,,,,,,,,,,,,,,,,,,,,,,,,,,,,,,,,,,,
140,,,,,,,,,,,,,,,,,,,,,,,,,,,,,,,,,,,,,,,,,,,,,,,,,,,,,,,,,,,,,,,,,,,,,,,,,,,,,,,,,,,,,,,,,,,,,
141,1,1,,66348315,E-Purchasing,Barang,,,,,,,,,,,,25-Mar-26,Ar,,,,,,,,,,,,,,,,,,,,,,,,,,,,,,,,,,,,,,,,,,,,,,,,,,,,,,,,,,,BJ.01.04/D.XII.10/3375/2026,27-Mar-26,Ar,Rp58.275.000,,,,58.275.000,,,Hr Kalender,TAKTIS SOLUSI TEKNOLOGI,,,"Ruko De Mansion, Jl. Jalur Sutera Tim., Kunciran, Kec. Pinang, Kota Tangerang, Banten 15143",
142,,,,,,,,,,,,,,,,,,,,,,,,,,,,,,,,,,,,,,,,,,,,,,,,,,,,,,,,,,,,,,,,,,,,,,,,,,,,,,,,,,,,,,,,,,,,,
143,,,,,,,,,,,,,,,,,,,,,,,,,,,,,,,,,,,,,,,,,,,,,,,,,,,,,,,,,,,,,,,,,,,,,,,,,,,,,,,,,,,,,,,,,,,,,
144,,,,,,,,,,,,,,,,,,,,,,,,,,,,,,,,,,,,,,,,,,,,,,,,,,,,,,,,,,,,,,,,,,,,,,,,,,,,,,,,,,,,,,,,,,,,,
145,,,,,,,,,,,,,,,,,,,,,,,,,,,,,,,,,,,,,,,,,,,,,,,,,,,,,,,,,,,,,,,,,,,,,,,,,,,,,,,,,,,,,,,,,,,,,
146,,,,,,,,,,,,,,,,,,,,,,,,,,,,,,,,,,,,,,,,,,,,,,,,,,,,,,,,,,,,,,,,,,,,,,,,,,,,,,,,,,,,,,,,,,,,,
147,,,,,,,,,,,,,,,,,,,,,,,,,,,,,,,,,,,,,,,,,,,,,,,,,,,,,,,,,,,,,,,,,,,,,,,,,,,,,,,,,,,,,,,,,,,,,
148,,,1,,Pengadaan Langsung,Barang,,,,,,,,,,,BJ.01.03/D.XII.10/2859/2026,6-Mar-26,Y,,,,,,,,,,,,,,,,,,,,,,,,,,,,,,,,,,,,12-Mar-26,Y,12-Mar-26,Y,,,,,,,,,,,,,,,,,,,,,,,,I,3344,26-Mar-26,40.071.000,,30,Hr Kalender,PT. SINAR AMARTAPURA PERSADA,,,"Jl. Binalontar No. 32A Jaticempaka, Pondok Gede Kotamadya Bekasi 17411",
149,,,1,,Pengadaan Langsung,Barang,,,,,,,,,,,BJ.01.03/D.XII.10/2554/2026,2-Mar-26,Y,,,,,,,,,,,,,,,,,,,,,,,,,,,,,,,,,,,,4-Mar-26,Y,4-Mar-26,Y,,,,,,,,,,,,,,,,,,,,,,,,I,3358,26-Mar-26,12.321.000,,30,Hr Kalender,CV. Prima Bangkit Gemilang,,,Jl. Bukit Duri Tanjakan Dalam XIV No. 43 Bukit Duri Tebet – Jakarta Selatan,
150,1,1,,66345178,E-Purchasing,Barang,,,,,,,,,,,,17-Mar-26,Ar,,,,,,,,,,,,,,,,,,,,,,,,,,,,,,,,,,,,,,,,,,,,,,,,,,,,,,,,,,,BJ.01.04/D.XII.10/3376/2026,27-Mar-26,Ar,Rp48.599.998,,,,48.599.998,,7,Hr Kalender,INDIE DABELES INDONESIA,,,Jl. Karyawan III GG Soka VII No. 117 RT 002/07 Katang Timur Karang Tengah Tangerang,
151,,,1,,Pengadaan Langsung,Barang,,,,,,,,,,,BJ.01.03/D.XII.10/3361/2026,26-Mar-26,Y,,,,,,,,,,,,,,,,,,,,,,,,,,,,,,,,,,,,31-Mar-26,Y,31-Mar-26,Y,,,,,,,,,,,,,,,,,,,,,,,,I,3683,2-Apr-26,61.417.688,,25,Hr Kalender,Koperasi Karyawan R.S. Kanker “Dharmais” (KOPKAR RSKD),,,"Jln. Let. Jen S. Parman Kav. 84-86 Slipi, Jakarta",
152,,,,,,,,,,,,,,,,,,,,,,,,,,,,,,,,,,,,,,,,,,,,,,,,,,,,,,,,,,,,,,,,,,,,,,,,,,,,,,,,,,,,,,,,,,,,,
153,,,,,,,,,,,,,,,,,,,,,,,,,,,,,,,,,,,,,,,,,,,,,,,,,,,,,,,,,,,,,,,,,,,,,,,,,,,,,,,,,,,,,,,,,,,,,
154,,,,,,,,,,,,,,,,,,,,,,,,,,,,,,,,,,,,,,,,,,,,,,,,,,,,,,,,,,,,,,,,,,,,,,,,,,,,,,,,,,,,,,,,,,,,,
155,,,,,,,,,,,,,,,,,,,,,,,,,,,,,,,,,,,,,,,,,,,,,,,,,,,,,,,,,,,,,,,,,,,,,,,,,,,,,,,,,,,,,,,,,,,,,
156,,,,,,,,,,,,,,,,,,,,,,,,,,,,,,,,,,,,,,,,,,,,,,,,,,,,,,,,,,,,,,,,,,,,,,,,,,,,,,,,,,,,,,,,,,,,,
157,,,,,,,,,,,,,,,,,,,,,,,,,,,,,,,,,,,,,,,,,,,,,,,,,,,,,,,,,,,,,,,,,,,,,,,,,,,,,,,,,,,,,,,,,,,,,
158,,,,,,,,,,,,,,,,,,,,,,,,,,,,,,,,,,,,,,,,,,,,,,,,,,,,,,,,,,,,,,,,,,,,,,,,,,,,,,,,,,,,,,,,,,,,,
159,,,,,,,,,,,,,,,,,,,,,,,,,,,,,,,,,,,,,,,,,,,,,,,,,,,,,,,,,,,,,,,,,,,,,,,,,,,,,,,,,,,,,,,,,,,,,
160,,,,,,,,,,,,,,,,,,,,,,,,,,,,,,,,,,,,,,,,,,,,,,,,,,,,,,,,,,,,,,,,,,,,,,,,,,,,,,,,,,,,,,,,,,,,,
161,,,,,,,,,,,,,,,,,,,,,,,,,,,,,,,,,,,,,,,,,,,,,,,,,,,,,,,,,,,,,,,,,,,,,,,,,,,,,,,,,,,,,,,,,,,,,
162,,,,,,,,,,,,,,,,,,,,,,,,,,,,,,,,,,,,,,,,,,,,,,,,,,,,,,,,,,,,,,,,,,,,,,,,,,,,,,,,,,,,,,,,,,,,,
163,,,,,,,,,,,,,,,,,,,,,,,,,,,,,,,,,,,,,,,,,,,,,,,,,,,,,,,,,,,,,,,,,,,,,,,,,,,,,,,,,,,,,,,,,,,,,
164,,,,,,,,,,,,,,,,,,,,,,,,,,,,,,,,,,,,,,,,,,,,,,,,,,,,,,,,,,,,,,,,,,,,,,,,,,,,,,,,,,,,,,,,,,,,,