Id,Tanggal Diterima DPP,No. Agenda,Kode unit kerja pengendali,Kode End User,Nomor Surat End User,Tanggal Surat End User,Hal,Kode PPK,Nama PPK,Nomor Surat PPK,Tanggal DPP,Hal PPK,Nama Paket PBJ,Pagu Anggaran (Non Aktif),Pagu Anggaran (Aktif),HPS,Kode MAK,Kelompok Belanja Modal,Kelompok Belanja Operasional,Keterangan Tambahan (Apabila Ada)
1,3-Nov-25,383,A41,A41,KU.03.07/D.XII.5.3/311/2025,29-Sep-25,Usulan Pra-Dipa Pengadaan SAFETY Box Tahun 2026,PPK3,PPK Non Medik & Jasa Lainnya,BJ.01.01/D.XII.9.3/1177/2025,29-Oct-25,Pengadaan Safety Box TA. 2026,Pengadaan Safety Box TA. 2026,,453.236.760,453.236.760,B28,,453.236.760,Selesai dilaporkan
2,3-Nov-25,384,A41,A41,KU.03.07/D.XII.5.3/316/2025,30-Sep-25,Usulan Pra-Dipa Jasa Pengelolaan Limbah Medis Tahun 2026,PPK3,PPK Non Medik & Jasa Lainnya,BJ.01.01/D.XII.9.3/1179/2025,29-Oct-25,Pengadaan Pengolahan Limbah Medis B3 TA. 2026,Pengadaan Pengolahan Limbah Medis B3 TA. 2026,1.465.200.000,0,0,B28,,0,Kaji Ulang PPK
3,4-Nov-25,393,A41,A41,KU.03.07/D.XII.5.3/346/2025,14-Oct-25,Usulan Pra-Dipa Jasa Pengelolaan Limbah Domestik Tahun 2026,PPK3,PPK Non Medik & Jasa Lainnya,BJ.01.01/D.XII.9.3/1198/2025,3-Nov-25,Pengadaan Jasa Pengelolaan Limbah Domestik TA. 2026,Pengadaan Jasa Pengelolaan Limbah Domestik TA. 2026,,199.500.000,199.500.000,B28,,199.500.000,Selesai dilaporkan
4,10-Nov-25,401,A41,A41,KU.03.07/D.XII.5.3/355/2025,22-Oct-25,Usulan Pra-Dipa Pengadaan Jasa Pengendalian Vektor dan Binatang Pembawa Penyakit Tahun 2026,PPK3,PPK Non Medik & Jasa Lainnya,BJ.01.01/D.XII.9.3/1225/2025,6-Nov-25,Pengadaan Jasa Pengendalian Vektor dan Binatang Pembawa Penyakit Tahun 2026,Pengadaan Jasa Pengendalian Vektor dan Binatang Pembawa Penyakit Tahun 2026,542.409.566,0,0,B28,,0,Kaji Ulang PPK
5,10-Nov-25,403,A27,A28,KU.02.04/D.XII.1.12/158/2025,10-Oct-25,Permohonan Sewa Optically Stimulated Luminescence / OSL,PPK1,PPK Medik dan Gaji,BJ.01.01/D.XII.9.1/1233/2025,7-Nov-25,Pengadaan Jasa Sewa Dosimeter OSL TA. 2026,Pengadaan Jasa Sewa Dosimeter OSL TA. 2026,,180.708.000,180.708.000,B22,,180.708.000,Sedang berproses
6,14-Nov-25,411,A41,A41,KU.03.07/D.XII.5.3/342/2025,8-Oct-25,Usulan Pra-Dipa Jasa Laboratorium Lingkungan Hidup Tahun 2026,PPK3,PPK Non Medik & Jasa Lainnya,BJ.01.01/D.XII.9.3/1226/2025,6-Nov-25,Pengadaan Laboratorium Lingkungan Hidup Tahun 2026,Pengadaan Laboratorium Lingkungan Hidup Tahun 2026,,221.108.000,221.108.000,B28,,221.108.000,Selesai dilaporkan
7,18-Nov-25,417,A44,A44,KN.01.03/D.XII.5.7/205/2025,29-Oct-25,KAK Pengadaan Layanan Internet Tahun Anggaran 2026,PPK3,PPK Non Medik & Jasa Lainnya,BJ.01.01/D.XII.9.3/1286/2025,17-Nov-25,Pengadaan Layanan Intenet TA. 2026,Pengadaan Layanan Intenet TA. 2026,,1.728.000.000,1.728.000.000,,,1.728.000.000,Selesai dilaporkan
8,21-Nov-25,431,A42,A42,BJ.01.03/D.XII.5.5/90/2025,31-Oct-25,Pengadaan Bahan Pencuci Linen (Chemical Laundry) Tahun 2026,PPK3,PPK Non Medik & Jasa Lainnya,BJ.01.01/D.XII.9.3/1299/2025,21-Nov-25,Pengadaan Bahan Pencuci Linen TA. 2026,Pengadaan Bahan Pencuci Linen TA. 2026,,779.042.880,779.042.880,B40,,779.042.880,Sedang berproses
9,28-Nov-25,434,A43,A43,KM.04.04/D.XII.5.1/331/2025,20-Nov-25,Penawaran Pebuatan Kalender Tahun 2026,PPK3,PPK Non Medik & Jasa Lainnya,BJ.01.01/D.XII.9.3/1332/2025,27-Nov-25,Pengadaan Kalender TA. 2026,Pengadaan Kalender TA. 2026,,67.155.000,67.155.000,B30,,67.155.000,Selesai dilaporkan
10,28-Nov-25,435,A39,A39,KN.01.03/D.XII.1.18/195/2025,10-Nov-25,Permohonan Pengesahan Kerangka Acuan Kerja (KAK) Pengadaan Bahan Makanan Kering Pasien dan Catering Tahun Anggaran 2026,PPK3,PPK Non Medik & Jasa Lainnya,BJ.01.01/D.XII.9.3/1334/2025,27-Nov-25,Pengadaan Bahan Makanan Kering Pasien dan Usaha Catering TA. 2026,Pengadaan Bahan Makanan Kering Pasien dan Usaha Catering TA. 2026,,2.010.062.500,2.010.062.500,,,2.010.062.500,Sedang berproses
11,3-Dec-25,433,A39,A39,KN.01.03/D.XII.1.8/189/2025,11-Nov-25,Permohonan Pengesahan Kerangka Acuan Kerja (KAK) Pengadaan Bahan Makanan Susu Formula Tahun Anggaran 2026,PPK3,PPK Non Medik & Jasa Lainnya,BJ.01.01/D.XII.9.3/1373/2025,2-Dec-25,Pengadaan Kebutuhan Susu Formula TA. 2026,Pengadaan Kebutuhan Susu Formula TA. 2026,,3.259.231.800,3.259.231.800,,,3.259.231.800,Kaji Ulang PPK
12,3-Dec-25,434,A39,A39,KN.01.03/D.XII.1.8/198/2025,12-Nov-25,Permohonan Pengesahan Kerangka Acuan Kerja (KAK) Pengadaan Gas LPG Tahun 2026,PPK3,PPK Non Medik & Jasa Lainnya,BJ.01.01/D.XII.9.3/1374/2025,2-Dec-25,Pengadaan Tabung Gas LPG 50 Kg dan 12 Kg TA. 2026,Pengadaan Tabung Gas LPG 50 Kg dan 12 Kg TA. 2026,,543.000.000,543.000.000,,,543.000.000,Selesai dilaporkan
13,3-Dec-25,435,A39,A39,KN.01.03/D.XII.1.8/197/2025,11-Nov-25,Permohonan Pengesahan Kerangka Acuan Kerja (KAK) Pengadaan Bahan Makanan Basah Pasien dan Catering Tahun Anggaran 2026,PPK3,PPK Non Medik & Jasa Lainnya,BJ.01.01/D.XII.9.3/1369/2025,1-Dec-25,Pengadaan Bahana Makanan Basah Pasien dan Usaha Catering TA. 2026,Pengadaan Bahana Makanan Basah Pasien dan Usaha Catering TA. 2026,,7.492.143.500,7.492.143.500,,,7.492.143.500,Selesai dilaporkan
14,10-Dec-25,447,A44,A44,KN.01.03/D.XII.5.7/236/2025,30-Nov-25,KAK Pengadaan Layanan Backup Internet 2026,PPK3,PPK Non Medik & Jasa Lainnya,BJ.01.01/D.XII.9.3/1410/2025,9-Dec-25,Pengadaan Layanan Back Up Internet TA. 2026,Pengadaan Layanan Back Up Internet TA. 2026,,650.000.000,650.000.000,,,650.000.000,Selesai dilaporkan
15,12-Dec-25,449,A44,A44,KN.01.03/D.XII.5.7/237/2025,30-Nov-25,KAK Perpanjangan Pengamanan IT Managed Security 2026,PPK3,PPK Non Medik & Jasa Lainnya,BJ.01.01/D.XII.9.3/1409/2025,9-Dec-25,Pengadaan Pengamanan IT Managed Security TA. 2026,Pengadaan Pengamanan IT Managed Security TA. 2026,,833.000.055,833.000.055,,,833.000.055,Selesai dilaporkan
16,12-Dec-25,451,A44,A44,KN.01.03/D.XII.5.7/232/2025,30-Nov-25,KAK Perpanjangan Google Workspace,PPK3,PPK Non Medik & Jasa Lainnya,BJ.01.01/D.XII.9.3/1411/2025,9-Dec-25,Pengadaan Layanan  Google Workspace TA. 2026,Pengadaan Layanan  Google Workspace TA. 2026,,562.392.600,562.392.600,,,562.392.600,Selesai dilaporkan
17,16-Dec-25,452,A44,A44,KN.01.03/D.XII.5.7/250/2025,11-Nov-25,KAK Pengadaan Perangkat Pengolah Data,PPK3,PPK Non Medik & Jasa Lainnya,BJ.01.01/D.XII.9.3/1436/2025,12-Dec-05,Pengadaan Perangkat Pengolah Data TA. 2026,Pengadaan Perangkat Pengolah Data (Komputer AIO dan Laptop Acer) Usulan Instalasi Sistem Informasi Manajamen RS PKN RS Kanker Dharmais DIPA BLU TA 2026,,1.342.230.000,1.342.230.000,,1.342.230.000,,Selesai dilaporkan
18,16-Dec-25,453,A40,A40,YK.02.01/D.XII.5.4/620/2025,24-Nov-25,Usulan Penarikan Instalasi Gas Medis (Vacum dan Medical Air) Kebutuhan Laboratorium GMP & CRU Gedung Cendana,PPK3,PPK Non Medik & Jasa Lainnya,BJ.01.01/D.XII.9.3/1421/2025,12-Dec-05,Penarikan Instalasi Gas Medik (Vacum dan Medical Air) Laboratorium CRU & GMP Gedung C TA. 2025,Penarikan Instalasi Gas Medik (Vacum dan Medical Air) Laboratorium CRU & GMP Gedung C TA. 2025,,97.413.489,97.413.489,B46,,97.413.489,Selesai dilaporkan
19,22-Dec-25,458,A36,A36,BJ.01.03/D.XII.5.2/1046/2025,2-Dec-25,Pengadaan Kartu Pasien Desain Terbaru TA. 2026,PPK3,PPK Non Medik & Jasa Lainnya,BJ.01.01/D.XII.9.3/1458/2025,18-Dec-25,Pengadaan Kartu Pasien Desain Terbaru Kebutuhan Januari - Desember 2026,Pengadaan Kartu Pasien Desain Terbaru Kebutuhan Januari - Desember 2026,,188.700.000,188.700.000,,,188.700.000,Selesai dilaporkan
20,22-Dec-25,459,A44,A44,KN.01.03/D.XII.5.7/221/2025,11-Nov-25,KAK Perpanjangan Layanan  Virtual Assistant,PPK3,PPK Non Medik & Jasa Lainnya,BJ.01.01/D.XII.9.3/1461/2025,18-Dec-25,Pengadaan Layanan Virtual Assistant TA. 2026,Pengadaan Layanan Virtual Assistant TA. 2026,,249.900.000,249.900.000,,,249.900.000,Selesai dilaporkan
21,22-Dec-25,460,A42,A42,BJ.01.03/D.XII.5.5/90/2025,31-Oct-25,Pengadaan Bahan Pencuci Linen (Chemical Laundry) Tahun 2026,PPK3,PPK Non Medik & Jasa Lainnya,BJ.01.01/D.XII.9.3/1457/2025,18-Dec-25,Pengadaan Bahan Pencuci Linen (Januari - Maret) TA. 2026,Pengadaan Bahan Pencuci Linen (Januari - Maret) TA. 2026,,193.555.150,193.555.150,,,193.555.150,Selesai dilaporkan
22,30-Dec-25,462,A39,A39,KN.01.03/D.XII.1.18/206/2025,21-Nov-25,Permohonan Pengesahan Kerangka Acuan Kerja (KAK) Pengadaan Makanan Pasien Tower C Tahun 2026-2028,PPK3,PPK Non Medik & Jasa Lainnya,BJ.01.01/D.XII.9.3/1473/2025,23-Dec-25,Pengadaan Makanan Pasien Gedung C TA. 2026,Pengadaan Makanan Pasien Gedung C TA. 2026,,13.094.448.000,9.865.680.000,,,13.094.448.000,Sedang berproses
23,30-Dec-25,463,A36,A36,BJ.01.03/D.XII.5.2/1038/2025,1-Dec-25,Pengadaan Toner Remanufaktur Januari - Desember Tahun 2026,PPK3,PPK Non Medik & Jasa Lainnya,BJ.01.01/D.XII.9.3/1476/2025,24-Dec-25,Pengadaan Toner Remanufaktur Kebutuhan Januari - Desember 2026,Pengadaan Toner Remanufaktur Kebutuhan Januari - Desember 2026,,915.883.200,915.883.200,,,915.883.200,Sedang berproses
24,30-Dec-25,464,A40,A40,YK.04.01/D.XII.5.4/648/2025,2-Dec-25,Pengadaan Kontrak Service Maintenance Alat X-Ray Mobile Merk GE Digital Mobile Optima XR220 SID : 7982XR0398 di Instalasi Radiodiagnostik TA. 2026,PPK3,PPK Non Medik & Jasa Lainnya,BJ.01.01/D.XII.9.3/1477/2025,24-Dec-25,Pengadaan Jasa Maintenance Kontrak Service Alat X-Ray Mobile Merk GE Digital Mobile Optima XR220 Kebutuhan Instalasi Radiodiagnostik TA. 2026,Pengadaan Jasa Maintenance Kontrak Service Alat X-Ray Mobile Merk GE Digital Mobile Optima XR220 Kebutuhan Instalasi Radiodiagnostik TA. 2026,,402.500.000,402.500.000,,,402.500.000,Selesai dilaporkan
25,30-Dec-25,465,A40,A40,YK.04.01/D.XII.5.4/645/2025,2-Dec-25,Pengadaan Kontrak Service Maintenance Alat SPECT/CT SIEMENS Type Symbia Intevo SN : 2114 di Instalasi Radiodiagnostik TA. 2026,PPK3,PPK Non Medik & Jasa Lainnya,BJ.01.01/D.XII.9.3/1478/2025,24-Dec-25,Pengadaan Jasa Maintenance Kontrak Service  Alat SPECT-CT SIEMENS Type Symbia Intevo SN : 2114 Kebutuhan Instalasi Radiodiagnostik TA. 2026,Pengadaan Jasa Maintenance Kontrak Service  Alat SPECT-CT SIEMENS Type Symbia Intevo SN : 2114 Kebutuhan Instalasi Radiodiagnostik TA. 2026,,1.270.017.600,1.270.017.600,,,1.270.017.600,Selesai dilaporkan
26,30-Dec-25,467,A40,A40,YK.04.01/D.XII.5.4/649/2025,2-Dec-25,Pengadaan Kontrak Service Maintenance Alat X-Ray Angiography Artis Zee Ceiling Merk Siemens di Instalasi Radiodiagnostik TA. 2026 (Dari Kontrak Pemeliharaan Payung Tahun 2025 - 2028),PPK3,PPK Non Medik & Jasa Lainnya,BJ.01.01/D.XII.9.3/1480/2025,29-Dec-25,Pengadaan Jasa Maintenance Kontrak Service Alat X-Ray Angiography Artis Zee Ceiling Merk Siemens Kebutuhan Instalasi Radiodiagnostik TA. 2026,Pengadaan Jasa Maintenance Kontrak Service Alat X-Ray Angiography Artis Zee Ceiling Merk Siemens Kebutuhan Instalasi Radiodiagnostik TA. 2026,,1.325.999.999,1.325.999.999,,,1.325.999.999,Selesai dilaporkan
27,30-Dec-25,468,A40,A40,YK.04.01/D.XII.5.4/647/2025,2-Dec-25,Pengadaan Kontrak Service Maintenance Alat X-Ray C-Arm Merk GE Instalasi Radiodiagnostik TA. 2026,PPK3,PPK Non Medik & Jasa Lainnya,BJ.01.01/D.XII.9.3/1481/2025,29-Dec-25,Pengadaan Jasa Maintenance Kontrak Service Alat X-Ray C-Arm Merk GE Kebutuhan Instalasi Radiodiagnostik TA. 2026,Pengadaan Jasa Maintenance Kontrak Service Alat X-Ray C-Arm Merk GE Kebutuhan Instalasi Radiodiagnostik TA. 2026,,385.250.000,385.250.000,,,385.250.000,Selesai dilaporkan
28,30-Dec-25,469,A40,A40,YK.04.01/D.XII.5.4/643/2025,2-Dec-25,Pengadaan Kontrak Service Maintenance CT-Scan Merk GE Type Revolution EVO Instalasi Radiodiagnostik TA. 2026,PPK3,PPK Non Medik & Jasa Lainnya,BJ.01.01/D.XII.9.3/1482/2025,29-Dec-25,Pengadaan Jasa Miantenance Kontrak Service  CT-Scan Merk GE Type Revolution EVO Instalasi Radiodiagnostik TA. 2026,Pengadaan Jasa Miantenance Kontrak Service  CT-Scan Merk GE Type Revolution EVO Instalasi Radiodiagnostik TA. 2026,,1.914.750.000,1.914.750.000,,,1.914.750.000,Selesai dilaporkan
29,7-Jan-26,479,A36,A36,BJ.01.03/D.XII.5.2/1039/2025,1-Dec-25,Pengadaan Plastik Sampah dan Plastik Linen Januari - Desember TA. 2026,PPK3,PPK Non Medik & Jasa Lainnya,BJ.01.01/D.XII.9.3/16/2026,1-Jan-26,Pengadaan Plastik Sampah Bulan Januari TA. 2026,Pengadaan Plastik Sampah Bulan Januari TA. 2026,,111.750.000,111.750.000,,,111.750.000,Selesai dilaporkan
30,7-Jan-26,480,A36,A36,BJ.01.03/D.XII.5.2/1044/2025,2-Dec-25,Pengadaan Plastik Obat Januari - Desember TA. 2026 (e-Katalog Inaproc),PPK3,PPK Non Medik & Jasa Lainnya,BJ.01.01/D.XII.9.3/18/2026,6-Jan-26,Pengadaan Plastik Obat Periode Januari TA. 2026,Pengadaan Plastik Obat Periode Januari TA. 2026,,95.235.000,95.235.000,,,95.235.000,Selesai dilaporkan
31,30-Dec-25,472,A36,A36,BJ.01.03/D.XII.5.2/1033/2025,1-Dec-25,Pengadaan Alat Tulis Kantor (ATK) Januari - Desember TA. 2026,PPK3,PPK Non Medik & Jasa Lainnya,BJ.01.01/D.XII.9.3/1485/2025,29-Dec-25,Pengadaan Alat Tulis Kantor (ATK) Kebutuhan Januari - Desember TA. 2026,Pengadaan Alat Tulis Kantor (ATK) Kebutuhan Januari - Desember TA. 2026,,797.348.520,797.348.520,,,797.348.520,Sedang berproses
32,30-Dec-25,473,A36,A36,BJ.01.03/D.XII.5.2/1037/2025,1-Dec-25,Pengadaan Penunjang Komputer Januari - Desember TA. 2026,PPK3,PPK Non Medik & Jasa Lainnya,BJ.01.01/D.XII.9.3/1486/2025,29-Dec-25,Pengadaan Penunjang Komputer Kebutuhan Januari - Desember TA. 2026,Pengadaan Penunjang Komputer Kebutuhan Januari - Desember TA. 2026,,661.870.800,661.870.800,,,661.870.800,Sedang berproses
33,30-Dec-25,474,A40,A40,YK.04.01/D.XII.5.4/605/2025,18-Nov-25,Pekerjaan Pengadaan Jasa Maintenance Kontrak Service Alat CT-Simulator Merk GE TA. 2026,PPK3,PPK Non Medik & Jasa Lainnya,BJ.01.01/D.XII.9.3/1487/2025,29-Dec-25,Pengadaan Jasa Maintenance Kontrak Service Alat CT-Simulator Merk GE TA. 2026,Pengadaan Jasa Maintenance Kontrak Service Alat CT-Simulator Merk GE TA. 2026,,2.093.000.000,2.093.000.000,,,2.093.000.000,Selesai dilaporkan
34,30-Dec-25,475,A36,A36,BJ.01.03/D.XII.5.2/1036/2025,1-Dec-25,Pengadaan Alat Kebersihan dan Rumah Tangga Januari - Desember TA. 2026,PPK3,PPK Non Medik & Jasa Lainnya,BJ.01.01/D.XII.9.3/1488/2025,29-Dec-25,Pengadaan Alat Kebersihan dan Rumah Tangga Kebutuhan Januari - Desember TA. 2026,Pengadaan Alat Kebersihan dan Rumah Tangga Kebutuhan Januari - Desember TA. 2026,,940.779.723,940.779.723,,,940.779.723,Sedang berproses
35,30-Dec-25,476,A36,A36,BJ.01.03/D.XII.5.2/1035/2025,1-Dec-25,Pengadaan Sarana Jenazah Januari - Desember TA. 2026 (e-katalog Inaproc),PPK3,PPK Non Medik & Jasa Lainnya,BJ.01.01/D.XII.9.3/1489/2025,29-Dec-25,Pengadaan Sarana Jenazah Kebutuhan Januari - Desember TA. 2026,Pengadaan Sarana Jenazah Kebutuhan Januari - Desember TA. 2026,,673.771.978,673.771.978,,,673.771.978,Selesai dilaporkan
36,31-Dec-25,478,A41,A41,KU.03.07/D.XII.5.3/425/2025,16-Dec-25,Perpanjangan Jasa Outsourching Layanan Kebersihan (Cleaning Service) Rumah Sakit Kanker Dharmais Tahun 2026,PPK3,PPK Non Medik & Jasa Lainnya,BJ.01.01/D.XII.9.3/1492/2025,31-Dec-25,Perpanjangan Jasa Outsourching Layanan Kebersihan (Cleaning Service) Januari - Maret TA. 2026,Perpanjangan Jasa Outsourching Layanan Kebersihan (Cleaning Service) Januari - Maret TA. 2026,,5.714.691.855,4.854.800.034,,,5.714.691.855,Selesai dilaporkan
37,30-Dec-25,477,A36,A36,BJ.01.03/D.XII.5.2/1034/2025,1-Dec-25,Pengadaan Label Folder Biru Januari - Desember TA. 2026,PPK3,PPK Non Medik & Jasa Lainnya,BJ.01.01/D.XII.9.3/1490/2025,29-Dec-25,Pengadaan Label Folder Biru Kebutuhan Januari - Desember TA. 2026,Pengadaan Label Folder Biru Kebutuhan Januari - Desember TA. 2026,,199.999.800,199.999.800,,,199.999.800,Selesai dilaporkan
38,16-Dec-25,452,A44,A44,KN.01.03/D.XII.5.7/250/2025,11-Nov-25,KAK Pengadaan Perangkat Pengolah Data,PPK3,PPK Non Medik & Jasa Lainnya,BJ.01.01/D.XII.9.3/1436/2025,12-Dec-05,Pengadaan Perangkat Pengolah Data TA. 2026,Pengadaan Perangkat Pengolah Data (Laptop Intel Core Ultra 7 255H) Usulan Instalasi Sistem Informasi Manajamen RS PKN RS Kanker Dharmais DIPA BLU TA 2026,,303.030.000,303.030.000,,303.030.000,,Selesai dilaporkan
39,2-Jan-26,479,A41,A41,KU.03.07/D.XII.5.3/429/2025,18-Dec-25,Usulan Perpanjangan Jasa Pengelolaan Limbah Medis Tahun 2026,PPK3,PPK Non Medik & Jasa Lainnya,BJ.01.01/D.XII.9.3/1/2025,2-Jan-26,Pengadaan Perpanjangan Jasa Pengelolaan Limbah Medis Periode Bulan Januari TA. 2026,Pengadaan Perpanjangan Jasa Pengelolaan Limbah Medis Periode Bulan Januari TA. 2026,,85.800.000,85.800.000,,,85.800.000,Selesai dilaporkan
40,7-Jan-26,485,A40,A40,YK.02.01/D.XII.5.4/661/2025,5-Dec-25,"Pengadaan Jasa Maintenance Kontrak Service Alat Sterilisator Suhu Rendah, Merk 3M, Steri-Vac, Type 8GS di CSSD TA. 2026",PPK3,PPK Non Medik & Jasa Lainnya,BJ.01.01/D.XII.9.3/14/2026,5-Jan-26,"Pengadaan Jasa Maintenance Kontrak Service Alat Sterilisator Suhu Rendah, Merk 3M, Steri-Vac, Type 8GS Kebutuhan Instalasi Sterilisasi Sentral dan Binatu TA. 2026","Pengadaan Jasa Maintenance Kontrak Service Alat Sterilisator Suhu Rendah, Merk 3M, Steri-Vac, Type 8GS Kebutuhan Instalasi Sterilisasi Sentral dan Binatu TA. 2026",,210.457.887,210.457.887,,,210.457.887,Sedang berproses
41,7-Jan-26,486,A41,A41,KU.03.07/D.XII.5.3/432/2025,18-Dec-25,Usulan Pra Dipa Jasa Pengelolaan Limbah Medis Tahun 2026,PPK3,PPK Non Medik & Jasa Lainnya,BJ.01.01/D.XII.9.3/4/2026,2-Jan-26,Pengadaan Perpanjangan Jasa Pengelolaan Limbah Medis Periode Bulan Februari - Desember TA. 2026,Pengadaan Perpanjangan Jasa Pengelolaan Limbah Medis Periode Bulan Februari - Desember TA. 2026,,1.210.000.000,1.210.000.000,,,1.210.000.000,Selesai dilaporkan
42,7-Jan-26,487,A36,A36,BJ.01.03/D.XII.5.2/1076/2025,11-Dec-25,Pengadaan Folder Bernomor Rekam Medis Januari - Desember TA. 2026,PPK3,PPK Non Medik & Jasa Lainnya,BJ.01.01/D.XII.9.3/8/2026,5-Jan-26,Pengadaan Folder Bernomor Rekam Medis Periode TA. 2026,Pengadaan Folder Bernomor Rekam Medis Periode TA. 2026,,191.475.000,191.475.000,,,191.475.000,Selesai dilaporkan
43,7-Jan-26,488,A40,A40,YK.02.01/D.XII.5.4/660/2025,5-Dec-25,"Pengadaan Jasa Kontrak Service Alat Sterilisasi Suhu Rendah, Merk Antiku Stera 120 Di Instalasi Sterilisasi Sentral dan Binatu TA. 2026",PPK3,PPK Non Medik & Jasa Lainnya,BJ.01.01/D.XII.9.3/12/2026,5-Jan-26,"Pengadaan Jasa Maintenance Kontrak Service Alat Sterilisasi Suhu Rendah, Merk Antiku Stera 120 Kebutuhan Instalasi Sterilisasi Sentral dan Binatu TA. 2026","Pengadaan Jasa Maintenance Kontrak Service Alat Sterilisasi Suhu Rendah, Merk Antiku Stera 120 Kebutuhan Instalasi Sterilisasi Sentral dan Binatu TA. 2026",,86.025.000,86.025.000,,,86.025.000,Selesai dilaporkan
44,9-Jan-26,492,A40,A40,YK.04.01/D.XII.5.4/794/2025,16-Dec-25,Pengadaan Jasa Maintenance Kontrak Service Alat Automated Blood Culture BD Bactec FX40 di Instalasi Laboratorium Terpadu,PPK3,PPK Non Medik & Jasa Lainnya,BJ.01.01/D.XII.9.3/26/2026,7-Jan-26,Pengadaan Jasa Maintenance Kontrak Service Alat Automated Blood Culture BD Bactec FX40 Kebutuhan Instalasi Laboratorium Terpadu TA. 2026,Pengadaan Jasa Maintenance Kontrak Service Alat Automated Blood Culture BD Bactec FX40 Kebutuhan Instalasi Laboratorium Terpadu TA. 2026,,76.387.500,76.387.500,,,76.387.500,Selesai dilaporkan
45,9-Jan-26,493,A40,A40,YK.04.01/D.XII.5.4/659/2025,4-Dec-25,Usulan Kontrak Service Maintenance Alat LINAC Merk Elekta Type Versa dan Synergy Instalasi Radioterapi Tahun 2026,PPK3,PPK Non Medik & Jasa Lainnya,BJ.01.01/D.XII.9.3/23/2026,7-Jan-26,Pengadaan Jasa Maintenance Kontrak Service Alat LINAC Merk Elekta Type Versa dan Synergy Kebutuhan Instalasi Radioterapi TA. 2026,Pengadaan Jasa Maintenance Kontrak Service Alat LINAC Merk Elekta Type Versa dan Synergy Kebutuhan Instalasi Radioterapi TA. 2026,,9.644.000.000,9.644.000.000,,,9.644.000.000,Sedang berproses
46,9-Jan-26,494,A36,A36,BJ.01.03/D.XII.5.2/1032/2025,1-Dec-25,Pengadaan Tissue Januari - Desember Tahun 2026 (e-Katalog Inaproc),PPK3,PPK Non Medik & Jasa Lainnya,BJ.01.01/D.XII.9.3/17/2026,6-Jan-26,Pengadaan Tissue Periode Bulan Januari TA. 2026,Pengadaan Tissue Periode Bulan Januari TA. 2026,,96.834.920,96.834.920,,,96.834.920,Selesai dilaporkan
47,9-Jan-26,497,A40,A40,YK.04.01/D.XII.5.4/796/2025,16-Dec-25,Pengadaan Jasa Maintenance Kontrak Service Alat X-Ray Simulator Terasix TA. 2026,PPK3,PPK Non Medik & Jasa Lainnya,BJ.01.01/D.XII.9.3/25/2026,6-Jan-26,Pengadaan Jasa Maintenance Kontrak Service Alat X-Ray Simulator Terasix  Kebutuhan Instalasi Radioterapi TA. 2026,Pengadaan Jasa Maintenance Kontrak Service Alat X-Ray Simulator Terasix  Kebutuhan Instalasi Radioterapi TA. 2026,,1.379.730.000,1.379.730.000,,,1.379.730.000,Sedang berproses
48,9-Jan-26,496,A40,A40,YK.04.01/D.XII.5.4/795/2025,16-Dec-25,Pengadaan Jasa Maintenance Kontrak Service Alat ESR RR Mechatronics Starrsed ST di Instalasi Laboratorium Terpadu RS. Kanker Dharmais,PPK3,PPK Non Medik & Jasa Lainnya,43,31-Dec-25,Pengadaan Jasa Maintenance Kontrak Service Alat ESR RR Mechatronics Starrsed ST Kebutuhan Instalasi Laboratorium Terpadu TA. 2026,Pengadaan Jasa Maintenance Kontrak Service Alat ESR RR Mechatronics Starrsed ST Kebutuhan Instalasi Laboratorium Terpadu TA. 2026,,12.276.600,12.276.600,,,12.276.600,Sedang berproses
49,9-Jan-26,498,A40,A40,YK.02.01/D.XII.5.4/662/2025,5-Dec-25,Pengadaan Jasa Maintenance Kontrak Service Perlatan CSSD Steam Sterilizer Merk AJC Amaro dan Washer Desinfector Merk SMEG,PPK3,PPK Non Medik & Jasa Lainnya,BJ.01.01/D.XII.9.3/30/2026,8-Jan-26,Pengadaan Jasa Maintenance Kontrak Service Perlatan CSSD Steam Sterilizer Merk AJC Amaro dan Washer Desinfector Merk SMEG  Kebutuhan Instalasi Sterilisasi Sentral dan Binatu TA. 2026,Pengadaan Jasa Maintenance Kontrak Service Perlatan CSSD Steam Sterilizer Merk AJC Amaro dan Washer Desinfector Merk SMEG  Kebutuhan Instalasi Sterilisasi Sentral dan Binatu TA. 2026,,68.958.750,68.958.750,,,68.958.750,Selesai dilaporkan
50,9-Jan-26,499,A40,A40,YK.02.01/D.XII.5.4/663/2025,5-Dec-25,"Pengadaan Jasa Maintenance Kontrak Service Peralatan CSSD Merk Gettinge : Steam Sterilizer Type HS 6613 dan Type GSS67H13, serta Washer Desinfector Type S-46-4 Total 5 Unit",PPK3,PPK Non Medik & Jasa Lainnya,BJ.01.01/D.XII.9.3/24/2026,7-Jan-26,Pengadaan Jasa Maintenance Kontrak Service Alat-Alat CSSD Merk Gettinge Kebutuhan Instalasi Sterilisasi Sentral dan Binatu TA. 2026,Pengadaan Jasa Maintenance Kontrak Service Alat-Alat CSSD Merk Gettinge Kebutuhan Instalasi Sterilisasi Sentral dan Binatu TA. 2026,,280.741.200,280.741.200,,,280.741.200,Selesai dilaporkan
51,9-Jan-26,500,A41,A41,KU.03.07/D.XII.5.3/431/2025,18-Dec-25,Usulan Pra-Dipa Pengadaan Jasa Pengendalian Vektor dan Binatang Pembawa Penyakit Tahun 2026,PPK3,PPK Non Medik & Jasa Lainnya,BJ.01.01/D.XII.9.3/34/2026,8-Jan-26,Pengadaan Jasa Pengendali Vektor dan Binatang Pembawa Penyakit Periode Bulan Februari - Desember TA. 2026,Pengadaan Jasa Pengendali Vektor dan Binatang Pembawa Penyakit Periode Bulan Februari - Desember TA. 2026,,500.450.872,500.450.872,,,500.450.872,Selesai dilaporkan
52,9-Jan-26,501,A41,A41,KU.03.07/D.XII.5.3/430/2025,18-Dec-25,Usulan Perpanjangan Pengadaan Jasa Pengendalian Vektor dan Binatang Pembawa Penyakit Tahun 2026,PPK3,PPK Non Medik & Jasa Lainnya,BJ.01.01/D.XII.9.3/33/2026,8-Jan-26,Pengadaan Jasa Pengendalian Vektor dan Binatang Pembawa Penyakit Periode Bulan Januari TA. 2026,Pengadaan Jasa Pengendalian Vektor dan Binatang Pembawa Penyakit Periode Bulan Januari TA. 2026,,40.835.381,40.835.381,,,40.835.381,Selesai dilaporkan
53,9-Jan-26,502,A36,A36,BJ.01.03/D.XII.5.2/1079/2025,11-Dec-25,Pengadaan Cetakan Medis Januari - Desember TA. 2026,PPK3,PPK Non Medik & Jasa Lainnya,BJ.01.01/D.XII.9.3/10/2026,5-Jan-25,Pengadaan Cetakan Medis TA. 2026,Pengadaan Cetakan Medis TA. 2026,,573.104.100,573.104.100,,,573.104.100,Sedang berproses
54,9-Jan-26,503,A36,A36,BJ.01.03/D.XII.5.2/1075/2025,11-Dec-25,Pengadaan Cetakan Non Medis Januari - Desember TA. 2026,PPK3,PPK Non Medik & Jasa Lainnya,BJ.01.01/D.XII.9.3/9/2026,5-Jan-25,Pengadaan Cetakan Non Meis Periode TA. 2026,Pengadaan Cetakan Non Medis Periode TA. 2026,,266.644.200,266.644.200,,,266.644.200,Sedang berproses
55,16-Dec-25,452,A44,A44,KN.01.03/D.XII.5.7/250/2025,11-Nov-25,KAK Pengadaan Perangkat Pengolah Data,PPK3,PPK Non Medik & Jasa Lainnya,BJ.01.01/D.XII.9.3/1436/2025,12-Dec-05,Pengadaan Perangkat Pengolah Data TA. 2026,Pengadaan Perangkat Pengolah Data (Mini PC) Usulan Instalasi Sistem Informasi Manajamen RS PKN RS Kanker Dharmais DIPA BLU TA 2026,,109.446.000,109.446.000,,109.446.000,,Selesai dilaporkan
56,13-Jan-26,506,A30,A30,PR.01.07/D.XII.1.13/398/2025,19-Nov-25,Perencanaan Pengadaan Perbekalan Farmasi 2026,PPK3,PPK Non Medik & Jasa Lainnya,BJ.01.01/D.XII.9.3/38/2026,8-Jan-26,Pengadaan Kebutuhan Gas Medis TA. 2026,Pengadaan Kebutuhan Gas Medis TA. 2026 (e-cat),,1.997.144.555,1.997.144.555,,,1.997.144.555,Selesai dilaporkan
57,13-Jan-26,507,A40,A40,YK.04.01/D.XII.5.4/805/2025,18-Dec-25,Pengadaan Kontrak Service Maintenance All-in-One Synthesizer with High Performance Liquid Chromatography (HPLC) DI Instalasi Farmasi TA. 2026,PPK3,PPK Non Medik & Jasa Lainnya,BJ.01.01/D.XII.9.3/46/2026,9-Jan-26,Pengadaan Jasa Maintenance Kontrak Service All-in-One Synthesizer with High Performance Liquid Chromatography (HPLC) Kebutuhan Instalasi Farmasi TA. 2026,Pengadaan Jasa Maintenance Kontrak Service All-in-One Synthesizer with High Performance Liquid Chromatography (HPLC) Kebutuhan Instalasi Farmasi TA. 2026,,814.518.000,814.518.000,,,814.518.000,Selesai dilaporkan
58,13-Jan-26,508,A40,A40,YK.04.01/D.XII.5.4/793/2025,16-Dec-25,Permohonan Kontrak Service Alat Hematology Sysmex XN-3000 BF di Instalasi Laboratorium Terpadu,PPK3,PPK Non Medik & Jasa Lainnya,BJ.01.01/D.XII.9.3/47/2026,9-Jan-26,Pengadaan Jasa Maintenance Kontrak Service Alat Hematology Sysmex XN-3000 BF kebutuhan Instalasi Laboratorium Terpadu TA. 2026,Pengadaan Jasa Maintenance Kontrak Service Alat Hematology Sysmex XN-3000 BF kebutuhan Instalasi Laboratorium Terpadu TA. 2026,,72.509.701,72.509.701,,,72.509.701,Selesai dilaporkan
59,13-Jan-26,509,A40,A40,YK.04.01/D.XII.5.4/792/2025,16-Dec-25,Pengadaan Jasa Maintenance Kontrak Service Alat : Flow Cytometry BD FACS Canto II di Instalasi Laboratorium Terpadu,PPK3,PPK Non Medik & Jasa Lainnya,BJ.01.01/D.XII.9.3/48/2026,9-Jan-26,Pengadaan Kontrak Service Maintenance Alat Flow Cytometry BD FACS Canto Kebutuhan Instalasi Laboratorium Terpadu TA. 2026,Pengadaan Kontrak Service Maintenance Alat Flow Cytometry BD FACS Canto Kebutuhan Instalasi Laboratorium Terpadu TA. 2026,,286.363.350,286.363.350,,,286.363.350,Sedang berproses
60,13-Jan-26,510,A36,A36,BJ.01.03/D.XII.5.2/1105/2025,18-Dec-25,Pengadaan Suku Cadang Teknik TA. 2026,PPK3,PPK Non Medik & Jasa Lainnya,BJ.01.01/D.XII.9.3/64/2026,13-Jan-26,Pengadaan Suku Cadang Teknik TA. 2026,Pengadaan Suku Cadang Teknik TA. 2026,,712.045.020,712.045.020,,,712.045.020,Sedang berproses
61,14-Jan-26,511,A36,A36,BJ.01.03/D.XII.5.2/1103/2025,18-Dec-25,Pengadaan ID Band Gelang Pasien Manual TA. 2026 (e-Katalog Inaproc),PPK3,PPK Non Medik & Jasa Lainnya,BJ.01.01/D.XII.9.3/65/2026,13-Jan-26,Pengadaan ID Band Gelang pasien Manual TA. 2026,Pengadaan ID Band Gelang pasien Manual TA. 2026,,84.637.500,84.637.500,,,84.637.500,Selesai dilaporkan
62,14-Jan-26,512,A36,A36,BJ.01.03/D.XII.5.2/1104/2025,18-Dec-25,Pengadaan Amplop CD Hasil Pemeriksaan Radiologi TA. 2026 (e-Katalog Inaproc),PPK3,PPK Non Medik & Jasa Lainnya,BJ.01.01/D.XII.9.3/66/2026,13-Jan-26,Pengadaan Amplop CD Hasil Pemeriksaan Radiologi TA. 2026,Pengadaan Amplop CD Hasil Pemeriksaan Radiologi TA. 2026,,245.700.000,245.700.000,,,245.700.000,Selesai dilaporkan
63,14-Jan-26,513,A36,A36,BJ.01.03/D.XII.5.2/1074/2025,11-Dec-25,Pengadaan Label Identitas Hasil Pemeriksaan  Radiologi Januari - Desember TA. 2026,PPK3,PPK Non Medik & Jasa Lainnya,BJ.01.01/D.XII.9.3/67/2026,13-Jan-26,Pengadaan Label Radiologi TA. 2026,Pengadaan Label Radiologi TA. 2026,,186.480.000,186.480.000,,,186.480.000,Selesai dilaporkan
64,14-Jan-26,514,A40,A40,YK.04.01/D.XII.5.4/798/2025,16-Dec-25,Pengajuan Biaya Kontrak Service 2 Unit Boiler Tahun 2026,PPK3,PPK Non Medik & Jasa Lainnya,BJ.01.01/D.XII.9.3/58/2026,12-Jan-26,Pengadaan Jasa Maintenance Kontrak Service 2 Unit Boiler TA. 2026,Pengadaan Jasa Maintenance Kontrak Service 2 Unit Boiler TA. 2026,,175.491.000,175.491.000,,,175.491.000,Selesai dilaporkan
65,14-Jan-26,515,A40,A40,YK.04.01/D.XII.5.4/797/2025,16-Dec-25,Pengajuan Biaya Kontrak Service 2 Unit Elevator Merk Schindler Tahun 2026,PPK3,PPK Non Medik & Jasa Lainnya,BJ.01.01/D.XII.9.3/59/2026,12-Jan-26,Pengadaan Jasa Maintenance Kontrak Service 2 Unit Elevator Merk Schindler TA. 2026,Pengadaan Jasa Maintenance Kontrak Service 2 Unit Elevator Merk Schindler TA. 2026,,95.460.000,95.460.000,,,95.460.000,Selesai dilaporkan
66,14-Jan-26,516,A40,A40,YK.02.01/D.XII.5.4/803/2025,17-Dec-25,Pengajuan Biaya Kontrak Service 8 Unit Elevator & 2 Unit Eskalator Merk Mitsubishi Tahun 2026,PPK3,PPK Non Medik & Jasa Lainnya,BJ.01.01/D.XII.9.3/60/2026,12-Jan-26,Pengadaan Kontrak Service 8 Unit Elevator & 2 Unit Eskalator Merk Mitsubishi TA. 2026,Pengadaan Kontrak Service 8 Unit Elevator & 2 Unit Eskalator Merk Mitsubishi TA. 2026,,578.970.608,578.970.608,,,578.970.608,Sedang berproses
67,14-Jan-26,517,A36,A36,BJ.01.03/D.XII.5.2/12/2026,8-Jan-26,Pengadaan Tissue Februari - Desember Tahun 2026 (e-Katalog Inaproc),PPK3,PPK Non Medik & Jasa Lainnya,BJ.01.01/D.XII.9.3/56/2026,12-Jan-26,Pengadaan Tissue Periode Februari - Desember 2026,Pengadaan Tissue Periode Februari - Desember 2026,,590.386.330,590.386.330,,,590.386.330,Sedang berproses
68,14-Jan-26,518,A36,A36,BJ.01.03/D.XII.5.2/13/2026,8-Jan-26,Pengadaan Plastik Obat Februari - Desember TA. 2026 (e-Katalog Inaproc),PPK3,PPK Non Medik & Jasa Lainnya,BJ.01.01/D.XII.9.3/57/2026,12-Jan-26,Pengadaan Plastik Obat Periode Februari - Desember 2026,Pengadaan Plastik Obat Periode Februari - Desember 2026,,645.065.000,645.065.000,,,645.065.000,Sedang berproses
69,14-Jan-26,519,A36,A36,BJ.01.03/D.XII.5.2/14/2026,8-Jan-26,Pengadaan Plastik Sampah dan Plastik Linen Februari - Desember TA. 2026 (e-Katalog Inaproc),PPK3,PPK Non Medik & Jasa Lainnya,BJ.01.01/D.XII.9.3/55/2026,12-Jan-26,Pengadaan Plastik Sampah dan Plastik Linen Februari - Desember TA. 2026,Pengadaan Plastik Sampah dan Plastik Linen Februari - Desember TA. 2026,,876.150.000,876.150.000,,,876.150.000,Sedang berproses
70,7-Jan-26,484,A40,A40,YK.04.01/D.XII.5.4/806/2025,18-Dec-25,Permohonan Pengusulan Ulang Pengadaan Kontrak Service Maintenance 8 Unit Mesin Anesthesi With Ventilator Merk Dareger di IBS,PPK3,PPK Non Medik & Jasa Lainnya,BJ.01.01/D.XII.9.3/55/2026,5-Jan-26,Pengadaan Jasa Maintenance Kontrak Service Mesin Anestesi Merk Draeger TA. 2026,Pengadaan Jasa Maintenance Kontrak Service Mesin Anestesi Merk Draeger TA. 2026,,1.046.748.895,1.046.748.895,,,1.046.748.895,Selesai dilaporkan
71,20-Jan-26,521,A40,A40,YK.04.01/D.XII.5.4/644/2025,2-Dec-25,"Pengadaan Kontrak Service Maintenance Alat X-Ray Digital Radiography Fluoroscopy (DRF) Merk Apelem Platinum, SN : L216F0664 di Instalasi Radiodiagnostik TA. 2026",PPK3,PPK Non Medik & Jasa Lainnya,BJ.01.01/D.XII.9.3/74/2026,15-Jan-26,Pengadaan Jasa Maintenance Kontrak Service Alat X-Ray Digital Radiography Fluoroscopy (DRF) Merk Apelem Platinum Kebutuhan Instalasi Radiodiagnostik TA. 2026,Pengadaan Jasa Maintenance Kontrak Service Alat X-Ray Digital Radiography Fluoroscopy (DRF) Merk Apelem Platinum Kebutuhan Instalasi Radiodiagnostik TA. 2026,,676.989.000,676.989.000,,,676.989.000,Selesai dilaporkan
72,26-Jan-26,522,A28,A28,YR.02.01/D.XII.1.10/276/2025,5-Dec-25,Permohonan Pengadaan Jasa Sewa & Evaluasi Alat Ukur Personal TLD Badge di Instalasi Radiodiagnostik,PPK3,PPK Medik dan Gaji,BJ.01.01/D.XII.9.1/85/2026,21-Jan-26,Pengadaan Jasa Sewa & Evaluasi Alat Ukur Personal TLD Badge Kebutuhan Instalasi Radiodiagnostik TA. 2026,Pengadaan Jasa Sewa & Evaluasi Alat Ukur Personal TLD Badge Kebutuhan Instalasi Radiodiagnostik TA. 2026,,153.735.000,153.735.000,,,153.735.000,Sedang berproses
73,26-Jan-26,525,A41,A41,KU.03.07/D.XII.5.3/314/2025,29-Sep-25,Usulan Pra- Dipa Jasa Laboratorium Pangan Siap Saji Tahun 2026,PPK3,PPK Non Medik & Jasa Lainnya,BJ.01.01/D.XII.9.3/84/2026,20-Jan-26,Pengadaan Jasa Laboratorium Pangan Siap Saji Tahun 2026,Pengadaan Jasa Laboratorium Pangan Siap Saji Tahun 2026,,44.430.000,44.430.000,,,44.430.000,Selesai dilaporkan
74,26-Jan-26,524,A40,A40,YK.02.01/D.XII.5.4/810/2025,19-Dec-25,Usulan Biaya Service Maintenance PABX Alcatel-Luccent OXO Connect Gedung Cendana Tahun 2026,PPK3,PPK Non Medik & Jasa Lainnya,BJ.01.01/D.XII.9.3/86/2026,21-Jan-26,Pengadaan Jasa Maintenance Kontrak Service PABX Alcatel-Luccent OXO Connect Gedung Cendana TA. 2026,Pengadaan Jasa Maintenance Kontrak Service PABX Alcatel-Luccent OXO Connect Gedung Cendana TA. 2026,,88.800.000,88.800.000,,,88.800.000,Selesai dilaporkan
75,26-Jan-26,527,A40,A40,YK.02.01/D.XII.5.4/813/2025,24-Dec-25,Usulan Biaya Service Maintenance 2 Unit Elevator Merk Louserindo Gedung Eksisting,PPK3,PPK Non Medik & Jasa Lainnya,BJ.01.01/D.XII.9.3/91/2026,21-Jan-26,Pengadaan Jasa Maintenance Kontrak Service 2 Unit Elevator Merk Louserindo Gedung Eksisting TA. 2026,Pengadaan Jasa Maintenance Kontrak Service 2 Unit Elevator Merk Louserindo Gedung Eksisting TA. 2026,,80.701.751,80.701.751,,,80.701.751,Selesai dilaporkan
76,27-Jan-26,530,A49,A49,KP.01.01/D.XII.2/4864/2025,29-Dec-25,Pengantar Perpanjangan Kerangka Acuan Kerja Pengadaan Jasa Lainnya (Outsourching) TA. 2026,PPK3,PPK Non Medik & Jasa Lainnya,BJ.01.01/D.XII.9.3/1493/2025,29-Dec-25,Pengadaan Perpanjangan Jasa Pramusaji dan Pemasak Periode Januari - Maret TA. 2026,Pengadaan Perpanjangan Jasa Pramusaji dan Pemasak Periode Januari - Maret TA. 2026,,1.625.555.742,1.625.555.742,,,1.625.555.742,Sedang berproses
77,27-Jan-26,531,A39,A39,KN.01.03/D.XII.1.18/236/2026,8-Jan-26,Permohonan Pengadaan Makan Sahur Pegawai Tahun 2026,PPK3,PPK Non Medik & Jasa Lainnya,BJ.01.01/D.XII.9.3/112/2026,23-Jan-26,Pengadaan Makan Sahur Pegawai TA. 2026,Pengadaan Makan Sahur Pegawai TA. 2026,,203.400.000,203.400.000,,,203.400.000,Selesai dilaporkan
78,27-Jan-26,532,A39,A39,KN.01.03/D.XII.1.18/235/2026,8-Jan-26,Permohonan Pengadaan Makan Buka Puasa Pegawai Tahun 2026,PPK3,PPK Non Medik & Jasa Lainnya,BJ.01.01/D.XII.9.3/112/2026,23-Jan-26,Pengadaan Makan Buka Puasa Pegawai TA. 2026,Pengadaan Makan Buka Puasa Pegawai TA. 2026,,336.000.000,336.000.000,,,336.000.000,Selesai dilaporkan
79,27-Jan-26,533,A36,A36,BK.01.03/D.XII.5.2/3/2026,29-Dec-25,Pengadaan Perpanjangan Jasa Keamanan RSK Dharmais,PPK3,PPK Non Medik & Jasa Lainnya,BJ.01.01/D.XII.9.3/1495/2025,29-Dec-25,Pengadaan Perpanjangan Jasa Keamanan Periode Januari - Maret TA. 2026,Pengadaan Perpanjangan Jasa Keamanan Periode Januari - Maret TA. 2026,,2.008.569.914,2.008.569.914,,,2.008.569.914,Sedang berproses
80,27-Jan-26,534,A36,A36,BJ.01.03/D.XII.5.2/1115/2025,23-Dec-25,Pengadaan Gelang Pasien Cetak Mandiri dan Pin Risiko TA. 2026,PPK3,PPK Non Medik & Jasa Lainnya,BJ.01.01/D.XII.9.3/120/2026,26-Jan-26,Pengadaan Gelang Pasien Cetak Mandiri & Pin Risiko TA. 2026,Pengadaan Gelang Pasien Cetak Mandiri & Pin Risiko TA. 2026,,199.944.078,199.944.078,,,199.944.078,Selesai dilaporkan
81,26-Jan-26,526,A46,A46,PL.02.03/D.XII.2.2/14/2026,8-Jan-26,Permohonan Fasilitasi Pelatihan Lean Six Sigma Simulation,PPK3,PPK Non Medik & Jasa Lainnya,114,23-Jan-26,Pelatihan Lean Six Sigma Simulation TanggL 28 & 29 Januari 2026,Pelatihan Lean Six Sigma Simulation TanggL 28 & 29 Januari 2026,,199.000.000,199.000.000,,,199.000.000,Selesai dilaporkan
82,29-Jan-26,538,A40,A40,YK.04.01/D.XII.5.4/10/2026,6-Jan-26,"Permohonan Pemeliharaan Patient Monitor Merk Philips di Instalasi Rawat Inap (Melati, Cempak, Anak)",PPK3,PPK Non Medik & Jasa Lainnya,BJ.01.01/D.XII.9.3/128/2026,27-Jan-26,Pengadaan Penggantian Battery Patient Monitor Merk Philips Kebutuhan Instalasi Rawat Inap TA. 2026,Pengadaan Penggantian Battery Patient Monitor Merk Philips Kebutuhan Instalasi Rawat Inap TA. 2026,,171.953.430,171.953.430,,,171.953.430,Selesai dilaporkan
83,29-Jan-26,539,A40,A40,YK.04.01/D.XII.5.4/11/2026,6-Jan-26,Permohonan Penggantian Sparepart Mesin Anesthesi Merk Drager Type Primus di Instalasi Prosedur Diagnostik (Uang muka Kerja),PPK3,PPK Non Medik & Jasa Lainnya,BJ.01.01/D.XII.9.3/127/2026,27-Jan-26,Penggantian Sparepart Mesin Anesthesi Merk Drager Type Primus kebutuhan Instalasi Prosedur Diagnostik TA. 2026,Penggantian Sparepart Mesin Anesthesi Merk Drager Type Primus kebutuhan Instalasi Prosedur Diagnostik TA. 2026,,50.061.000,50.061.000,,,50.061.000,Selesai dilaporkan
84,29-Jan-26,540,A30,A30,PR.01.07/D.XII.1.13/398/2025,19-Nov-25,Perencanaan Pengadaan Perbekalan Farmasi 2026,PPK1,PPK Medik dan Gaji,BJ.01.01/D.XII.9.1/129/2026,27-Jan-26,Pengadaan Perbekalan Farmasi (Poli Gigi) TA. 2026,Pengadaan Perbekalan Farmasi (Poli Gigi) TA. 2026,,783.135.665,783.135.665,,,783.135.665,Sedang berproses
85,29-Jan-26,541,A40,A40,KR.02.01/D.XII5.4/15/2026,12-Jan-26,Usulan Perbaikan Instalasi Pipa Air Bersih Suplai Air Lantai 5 ke Bawah Area Wing Barat Gedung Eksisting,PPK3,PPK Non Medik & Jasa Lainnya,BJ.01.01/D.XII.9.3/138/2026,29-Jan-26,Pengadaan Perbaikan Instalasi Pipa Air Bersih Suplai Air Lantai 5 ke Bawah Area Wing Barat Gedung Eksisting TA. 2026,Pengadaan Perbaikan Instalasi Pipa Air Bersih Suplai Air Lantai 5 ke Bawah Area Wing Barat Gedung Eksisting TA. 2026,,198.745.500,198.745.500,,,198.745.500,Sedang berproses
86,30-Jan-26,546,A36,A36,KR.02.04/D.XII.5.2/32/2026,14-Jan-26,Pengadaan Furniture Kantor Kursi Tunggu Pasien Tandem Gedung Exsisting,PPK3,PPK Non Medik & Jasa Lainnya,145,30-Jan-26,Pengadaan Kursi Ruang Tunggu Pasien Tandem Gedung Eksisting,Pengadaan Kursi Ruang Tunggu Pasien Tandem Gedung Eksisting TA. 2026,,38.850.000,38.850.000,,38.850.000,,Selesai dilaporkan
87,30-Jan-26,547,A44,A44,KN.01.03/D.XII.5.7/7/2026,2-Jan-26,KAK Pengadaan Perangkat Suku Cadang Berupa Charger Laptop,PPK3,PPK Non Medik & Jasa Lainnya,146,30-Jan-26,Pengadaan Suku Cadang Pengolah Data (Charger Laptop),Pengadaan Suku Cadang Pengolah Data (Charger Laptop) TA. 2026,,11.766.000,11.766.000,,,11.766.000,Selesai dilaporkan
88,30-Jan-26,545,A35,A35,KR.01.01/D.XII.1.20/05/2026,13-Jan-26,Permohonan Pengadaan Snack Donor Darah Bulan Januari Tahun 2026,PPK3,PPK Non Medik & Jasa Lainnya,BJ.01.01/D.XII.9.3/143/2026,30-Jan-26,Pengadaan Snack Donor Darah Bulan Januari TA. 2026,Pengadaan Snack Donor Darah Bulan Januari TA. 2026,,62.437.500,62.437.500,,,62.437.500,Selesai dilaporkan
89,4-Feb-26,550,A27,A27,KU.02.04/D.XII.1.12/159/2025,10-Oct-25,Permohonan Sewa Optically Stimulated Luminescence / OSL Dokter PPDS,PPK1,PPK Medik dan Gaji,83,20-Jan-26,Pengadaan Sewa Optically Stimulated Luminescence / OSL untuk Dokter PPDS Instalasi Radioterapi Tahun 2026,Pengadaan Sewa Optically Stimulated Luminescence / OSL untuk Dokter PPDS Instalasi Radioterapi Tahun 2026,,31.746.000,31.746.000,,,31.746.000,Sedang berproses
90,4-Feb-26,551,A40,A40,YK.02.01/D.XII.5.4/18/2026,13-Jan-26,Usulan Kontrak Maintenance Service Peralatan Laundry TA. 2026,PPK3,PPK Non Medik & Jasa Lainnya,BJ.01.01/D.XII.9.3/153/2026,2-Feb-26,Pengadaan Kontrak Service Peralatan Laundry TA. 2026,Pengadaan Kontrak Service Peralatan Laundry TA. 2026,,199.999.800,199.999.800,,,199.999.800,Selesai dilaporkan
91,4-Feb-26,552,A36,A36,BJ.01.03/D.XII.5.2/45/2026,20-Jan-26,Pengadaan Ring Binder Folder Biru TA. 2026,PPK3,PPK Non Medik & Jasa Lainnya,BJ.01.01/D.XII.9.3/150/2026,2-Feb-26,Pengadaan Ring Binder Rawat Inap TA. 2026,Pengadaan Ring Binder Rawat Inap TA. 2026,,41.625.000,41.625.000,,,41.625.000,Selesai dilaporkan
92,4-Feb-26,553,A30,A30,PR.01.07/D.XII.1.13/398/2025,19-Nov-25,Perencanaan Pengadaan Perbekalan Farmasi 2026,PPK1,PPK Medik dan Gaji,BJ.01.01/D.XII.9.1/130/2026,27-Jan-26,Pengadaan Perbekalan Farmasi (OBAT) TA. 2026,Pengadaan Perbekalan Farmasi (OBAT) TA. 2026,,95.800.210.730,95.800.210.730,,,95.800.210.730,Sedang berproses
93,4-Feb-26,554,A40,A40,YK.02.01/D.XII.5.4/2/2026,2-Jan-26,Usulan Kontrak Maintenance Service Peralatan Gizi di Instalasi di Instalasi Gizi di Instalasi Gizi TA. 2026,PPK3,PPK Non Medik & Jasa Lainnya,BJ.01.01/D.XII.9.3/154/2026,2-Feb-26,Pengadaan Kontrak Service Peralatan Gizi TA. 2026,Pengadaan Kontrak Service Peralatan Gizi TA. 2026,,115.485.510,115.485.510,,,115.485.510,Selesai dilaporkan
94,29-Jan-26,544,A36,A36,KR.02.04/D.XII.5.2/2026,29-Jan-26,Pengadaan Cito Alat Tulis Kantor Tahun 2026,PPK3,PPK Non Medik & Jasa Lainnya,BJ.01.01/D.XII.9.3/1485/2025,29-Dec-25,Pengadaan Alat Tulis Kantor (ATK) Kebutuhan Januari - Desember TA. 2026,Pengadaan Cito Alat Tulis Kantor Tahun 2026,,128.227.200,128.227.200,,,128.227.200,Sedang berproses
95,3-Dec-25,433,A39,A39,KN.01.03/D.XII.1.8/189/2025,11-Nov-25,Permohonan Pengesahan Kerangka Acuan Kerja (KAK) Pengadaan Bahan Makanan Susu Formula Tahun Anggaran 2026,PPK3,PPK Non Medik & Jasa Lainnya,BJ.01.01/D.XII.9.3/1373/2025,2-Dec-25,Pengadaan Kebutuhan Susu Formula TA. 2026,Pengadaan Kebutuhan Susu Formula TA. 2026 (e-Proc),,1.595.764.300,1.243.655.500,,,1.595.764.300,Selesai dilaporkan
96,3-Dec-25,433,A39,A39,KN.01.03/D.XII.1.8/189/2025,11-Nov-25,Permohonan Pengesahan Kerangka Acuan Kerja (KAK) Pengadaan Bahan Makanan Susu Formula Tahun Anggaran 2026,PPK3,PPK Non Medik & Jasa Lainnya,BJ.01.01/D.XII.9.3/1373/2025,2-Dec-25,Pengadaan Kebutuhan Susu Formula TA. 2026,Pengadaan Kebutuhan Susu Formula TA. 2026 (non e-proc),,2.015.576.300,2.015.576.300,,,2.015.576.300,Selesai dilaporkan
97,9-Jan-26,503,A36,A36,BJ.01.03/D.XII.5.2/1075/2025,11-Dec-25,Pengadaan Cetakan Non Medis Januari - Desember TA. 2026,PPK3,PPK Non Medik & Jasa Lainnya,BJ.01.01/D.XII.9.3/9/2026,5-Jan-25,Pengadaan Cetakan Non Meis Periode TA. 2026,Pengadaan Cetakan Non Medis Periode TA. 2026,,77.544.600,77.544.600,,,77.544.600,Selesai dilaporkan
98,9-Jan-26,502,A36,A36,BJ.01.03/D.XII.5.2/1079/2025,11-Dec-25,Pengadaan Cetakan Medis Januari - Desember TA. 2026,PPK3,PPK Non Medik & Jasa Lainnya,BJ.01.01/D.XII.9.3/10/2026,5-Jan-25,Pengadaan Cetakan Medis TA. 2026,Pengadaan Cetakan Medis TA. 2026,,197.618.850,197.618.850,,,197.618.850,Selesai dilaporkan
99,13-Feb-26,561,A40,A40,YK.02.01/D.XII.5.4/14/2026,9-Jan-26,Usulan Kontrak Service Sentral Gas Medis Gedung Eksisting Tahun 2026,PPK3,PPK Non Medik & Jasa Lainnya,BJ.01.01/D.XII.9.3/183/2026,12-Feb-26,Pengadaan Kontrak Service Sentral Gas Medis Gedung Eksisting TA. 2026,Pengadaan Kontrak Service Sentral Gas Medis Gedung Eksisting TA. 2026,,196.164.750,163.470.625,,,196.164.750,Sedang berproses
100,13-Feb-26,562,A36,A36,BJ.01.03/D.XII.5.2/42/2026,20-Jan-26,Pengadaan Label Nama Pasien Januari - Desember TA. 2026,PPK3,PPK Non Medik & Jasa Lainnya,BJ.01.01/D.XII.9.3/184/2026,12-Feb-26,Pengadaan Label Komputer untuk Pembuatan Nama Pasien Periode Januari - Desember 2026,Pengadaan Label Komputer untuk Pembuatan Nama Pasien Periode Januari - Desember 2026,,95.904.000,95.904.000,,,95.904.000,Selesai dilaporkan
101,13-Feb-26,563,A40,A40,KR.03.02/D.XII.5.4/12/2026,6-Jan-26,Usulan Kontrak Maintenance Service Private Automatic Branch X-change (PABX) RS Kanker Dharmais TA. 2026,PPK3,PPK Non Medik & Jasa Lainnya,BJ.01.01/D.XII.9.3/182/2026,12-Feb-26,Pengadaan Kontrak Service Private Automatic Branch X-change (PABX) TA. 2026,Pengadaan Kontrak Service Private Automatic Branch X-change (PABX) TA. 2026,,78.921.000,78.921.000,,,78.921.000,Selesai dilaporkan
102,13-Feb-26,565,A40,A40,YK.04.01/D.XII.5.4/44/2026,30-Jan-26,Permohonan Penggantian Battery Laryngoscope McGrath di Instalasi Rawat Inap TULIP Lt. 6 RS. Kanker Dharmais (uang muka kerja),PPK3,PPK Non Medik & Jasa Lainnya,201,13-Feb-26,Penggantian Battery Laryngoscope McGrath di Instalasi Rawat Inap TULIP Lt. 6  Gedung Eksisting,Penggantian Battery Laryngoscope McGrath di Instalasi Rawat Inap TULIP Lt. 6  Gedung Eksisting TA. 2026,,3.608.000,3.608.000,,,3.608.000,Sedang berproses
103,13-Feb-26,566,A40,A40,YK.04.01/D.XII.5.4/26/2026,19-Jan-26,Pengajuan Pemeliharaan (penggantian sparepart) 5 Unit Alat Ventilator Merk Hamilton di Instalasi Rawat Intensif (ICU) RSKD,PPK3,PPK Non Medik & Jasa Lainnya,BJ.01.01/D.XII.9.3/195/2026,13-Feb-26,Perbaikan 5 Unit Alat Ventilator Merk Hamilton Kebutuhan Instalasi Rawat Intensif TA. 2026,Perbaikan 5 Unit Alat Ventilator Merk Hamilton Kebutuhan Instalasi Rawat Intensif TA. 2026,,140.211.752,140.211.752,,,140.211.752,Sedang berproses
104,13-Feb-26,567,A40,A40,YK.04.01/D.XII.5.4/25/2026,19-Jan-26,Penggantian Sparepart pada 3 Unit Operating Table Merk Maquet Type Alpamaxx di Instalasi Bedah Sentral RS. Kanker Dharmais TA. 2026,PPK3,PPK Non Medik & Jasa Lainnya,BJ.01.01/D.XII.9.3/194/2026,13-Feb-26,Pengadaan Penggantian Sparepart pada 3 Unit Operating Table Merk Maquet Type Alpamaxx Kebutuhan Instalasi Bedah Sentral TA. 2026,Pengadaan Penggantian Sparepart pada 3 Unit Operating Table Merk Maquet Type Alpamaxx Kebutuhan Instalasi Bedah Sentral TA. 2026,,278.310.000,278.310.000,,,278.310.000,Sedang berproses
105,13-Feb-26,557,A49,A49,KP.01.01/D.XII.2.1/59/2026,2-Feb-26,Pengantar Kerangka Acuan Kerja Pengadaan Jasa TenagaAlih Daya (Outsourching) TA. 2026,PPK3,PPK Non Medik & Jasa Lainnya,BJ.01.01/D.XII.9.3/177/2026,11-Feb-26,Pengadaan Jasa Alih Daya Penunjang Operasional Kebutuhan Gedung Eksisting Periode April - Desember TA. 2026,Pengadaan Jasa Alih Daya Penunjang Operasional Kebutuhan Gedung Eksisting Periode April - Desember TA. 2026,,35.513.072.644,35.513.072.644,,,35.513.072.644,Selesai dilaporkan
106,13-Feb-26,558,A31,A31,KP.01.01/D.XII.1/018/2026,9-Feb-26,Pengantar Pengajuan Kerangka Acuan Kerja Pengadaan Manajemen Gedung Cendana TA. 2026,PPK3,PPK Non Medik & Jasa Lainnya,BJ.01.01/D.XII.9.3/176/2026,11-Feb-26,Pengadaan Jasa Alih Daya Penunjang Operasional Kebutuhan Gedung C Periode April - Desember TA. 2026,Pengadaan Jasa Alih Daya Penunjang Operasional Kebutuhan Gedung C Periode April - Desember TA. 2026,,14.058.139.793,14.058.139.793,,,14.058.139.793,Selesai dilaporkan
107,20-Feb-26,570,A36,A36,BP.01.01/D.XII.5.2/73/2026,30-Jan-26,Usulan Kegiatan Jasa Konsultansi Perencanaan Pembangunan Bunker Cyclotron,PPK3,PPK Non Medik & Jasa Lainnya,BJ.01.01/D.XII.9.3/227/2026,20-Feb-26,Pengadaan Jasa Konsultan Perencanaan Pembangunan Bunker Cyclotron TA. 2026,Pengadaan Jasa Konsultan Perencanaan Pembangunan Bunker Cyclotron TA. 2026,,2.094.435.000,2.094.435.000,,2.094.435.000,,Sedang berproses
108,13-Jan-26,506,A30,A30,PR.01.07/D.XII.1.13/398/2025,19-Nov-25,Perencanaan Pengadaan Perbekalan Farmasi 2026,PPK3,PPK Non Medik & Jasa Lainnya,BJ.01.01/D.XII.9.3/38/2026,8-Jan-26,Pengadaan Kebutuhan Gas Medis TA. 2026,Pengadaan Kebutuhan Gas Medis TA. 2026 non e-cat),,2.961.376,2.961.376,,,2.961.376,Selesai dilaporkan
109,20-Feb-26,568,A36,A36,BJ.01.03/D.XII.5.2/1116/2025,23-Dec-25,Pengadaan Kit Pasien VIP dan VVIP Gedung C TA. 2026,PPK3,PPK Non Medik & Jasa Lainnya,BJ.01.01/D.XII.9.3/221/2026,18-Feb-26,Pengadaan Kit Pasien VIP dan VVIP Gedung C TA. 2026,Pengadaan Kit Pasien VIP dan VVIP Gedung C TA. 2026,,199.106.250,199.106.250,,,199.106.250,Sedang berproses
110,20-Feb-26,569,,,KU.02.05/D.XII.2.5.1/6/2026,30-Jan-26,Pemohonan Dana Pengadaan Bahan Pustaka,PPK3,PPK Non Medik & Jasa Lainnya,206,13-Feb-26,Pengadaan Bahan Pusataka RSPPU 2026,Pengadaan Bahan Pusataka RSPPU 2026,,24.120.300,24.120.300,,,24.120.300,Sedang berproses
111,23-Feb-26,571,A44,A44,KN.01.03/D.XII.5.7/17/2026,19-Jan-26,KAK Pengadaan Lisensi Radiant DICOM Viewer,PPK3,PPK Non Medik & Jasa Lainnya,239,23-Feb-26,Pengadaan Lisensi Radiant DICOM Viewer,Pengadaan Lisensi Radiant DICOM Viewer TA. 2026,,13.500.000,13.500.000,,,13.500.000,Sedang berproses
112,23-Feb-26,572,A42,A42,BJ.01.03/D.XII.5.5/07/2026,30-Jan-26,Pengadaan Bahan Pencuci Linen (Chemical Laundry) Tahun 2026,PPK3,PPK Non Medik & Jasa Lainnya,BJ.01.01/D.XII.9.3/228/2026,20-Feb-26,Pengadaan Bahan Pencuci Linen (Chemical Laundry) Tahun 2026,Pengadaan Bahan Pencuci Linen (Chemical Laundry) Tahun 2026,,585.477.700,585.477.700,,,585.477.700,Sedang berproses
113,18-Feb-26,568 c,A36,A36,BJ.01.03/D.XII.5.2/86/2026,4-Feb-26,Pengadaan Cito Plastik Sampah dan Plastik Linen TA. 2026 (E-Katalog Inaproc),PPK3,PPK Non Medik & Jasa Lainnya,BJ.01.01/D.XII.9.3/215/2026,18-Feb-26,Pengadaan Plastik Sampah dan Plastik Linen TA. 2026,Pengadaan Plastik Sampah dan Plastik Linen TA. 2026,,199.200.000,199.200.000,,,199.200.000,Selesai dilaporkan
114,30-Dec-25,475,A36,A36,BJ.01.03/D.XII.5.2/1036/2025,1-Dec-25,Pengadaan Alat Kebersihan dan Rumah Tangga Januari - Desember TA. 2026,PPK3,PPK Non Medik & Jasa Lainnya,BJ.01.01/D.XII.9.3/1488/2025,29-Dec-25,Pengadaan Alat Kebersihan dan Rumah Tangga Kebutuhan Januari - Desember TA. 2026,Pengadaan Alat Kebersihan dan Rumah Tangga (Cito) TA. 2026,,138.763.331,138.763.331,,,138.763.331,Selesai dilaporkan
115,24-Feb-26,574,A44,A44,KN.01.03/D.XII.5.7/13/2026,14-Jan-26,KAK Pengadaan Perangkat Pengolah Data,PPK3,PPK Non Medik & Jasa Lainnya,BJ.01.01/D.XII.9.3/247/2026,24-Feb-26,Pengadaan Peralatan Pengolah Data (PC All In One & Laptop),Pengadaan Peralatan Pengolah Data (PC All In One) Usulan Instalasi Sistem Informasi Manajemen PKN RS Kanker Dharmais DIPA BLU TA 2026,,1.888.947.961,1.888.947.961,,1.888.947.961,,Selesai dilaporkan
116,24-Feb-26,575,A36,A36,KU.02.04/D.XII.5.2/36/2026,15-Jan-26,Pengadaan Furniture dan Peralatan Kantor Sistem Informasi Rumah Sakit Kanker Dharmais dan Instalasi Bedah Sentral Gedung C (Aset),PPK3,PPK Non Medik & Jasa Lainnya,BJ.01.01/D.XII.9.3/241/2026,23-Feb-26,Pengadaan Furniture & Peralatan Kantor Kebutuhan Gedung C TA. 2026,Pengadaan Furniture & Peralatan Kantor Kebutuhan Gedung C TA. 2026,,189.807.336,189.807.336,,189.807.336,,Selesai dilaporkan
117,24-Feb-26,576,A40,A40,YK.04.01/D.XII.5.4/817/2025,31-Dec-25,Pengadaan Kontrak Service Maintenance Alat X-Ray C-Arm merk Philips Type -Pulsera di Instalasi Prosedur Diagnostik TA. 2026,PPK3,PPK Non Medik & Jasa Lainnya,BJ.01.01/D.XII.9.3/242/2026,23-Feb-26,Pengadaan Kontrak Service Maintenance Alat X-Ray C-Arm merk Philips Type -Pulsera Kebutuhan Instalasi Prosedur Diagnostik TA. 2026,Pengadaan Kontrak Service Maintenance Alat X-Ray C-Arm merk Philips Type -Pulsera Kebutuhan Instalasi Prosedur Diagnostik TA. 2026,,165.000.000,165.000.000,,,165.000.000,Sedang berproses
118,24-Feb-26,577,A40,A40,YK.02.01/D.XII.5.4/45/2026,30-Jan-26,Usulan Kontrak Service Maintenance Building Management System (BAS/BMS) & Sequence Chiller Gedung Cendana Tahun 2026,PPK3,PPK Non Medik & Jasa Lainnya,BJ.01.01/D.XII.9.3/223/2026,23-Feb-26,Kontrak Service Maintenance Building Management System (BAS/BMS) & Sequence Chiller Gedung Cendana TA. 2026,Kontrak Service Maintenance Building Management System (BAS/BMS) & Sequence Chiller Gedung Cendana TA. 2026,,143.556.300,143.556.300,,,143.556.300,Sedang berproses
119,18-Feb-26,568B,A36,A36,BJ.01.03/D.XII.5.2/87/2026,4-Feb-26,Pengadaan Cito Plastik Obat TA. 2026 (e-Katalog Inaproc),PPK3,PPK Non Medik & Jasa Lainnya,BJ.01.01/D.XII.9.3/216/2026,18-Feb-26,Pengadaan Plastik Obat Periode Januari TA. 2026,Pengadaan Cito Plastik Obat TA. 2026,,193.435.000,193.435.000,,,193.435.000,Selesai dilaporkan
120,25-Feb-26,579,A36,A36,BJ.01.03/D.XII.5.2/60/2026,27-Jan-26,Pengadaan Perpanjangan Air Minum Pegawai RSK Dharmais,PPK3,PPK Non Medik & Jasa Lainnya,BJ.01.01/D.XII.9.3/232/2026,23-Feb-26,Perpanjangan Pengadaan Air Minum Pegawai Periode Januari - Maret TA. 2026,Perpanjangan Pengadaan Air Minum Pegawai Periode Januari - Maret TA. 2026,,137.862.000,137.862.000,,,137.862.000,Selesai dilaporkan
121,25-Feb-26,580,A40,A40,YK.04.01/D.XII.5.4/13/2026,7-Jan-26,Pengadaan Jasa Maintenance Kontrak Service Alat Medik MALDI-TOF (VITEK MS Merk Biomerieux) di Instalasi Laboratorium Terpadu,PPK3,PPK Non Medik & Jasa Lainnya,BJ.01.01/D.XII.9.3/240/2026,23-Feb-26,Pengadaan Kontrak Service Maintenance Alat MALDI-TOF (VITEK MS Merk Biomerieux) Kebutuhan Instalasi Laboratorium Terpadu TA. 2026,Pengadaan Kontrak Service Maintenance Alat MALDI-TOF (VITEK MS Merk Biomerieux) Kebutuhan Instalasi Laboratorium Terpadu TA. 2026,,81.199.830,81.199.830,,,81.199.830,Sedang berproses
122,25-Feb-26,581,A44,A44,KN.01.03/D.XII.5.7/15/2026,15-Jan-26,KAK Pengadaan Suku Cadang / Sparepart Tahap,PPK3,PPK Non Medik & Jasa Lainnya,BJ.01.01/D.XII.9.3/246/2026,24-Feb-26,Pengadaan Suku Cadang Komputer TA. 2026,Pengadaan Suku Cadang Komputer TA. 2026,,557.308.000,557.308.000,,,557.308.000,Sedang berproses
123,18-Feb-26,568A,A36,A36,BJ.01.03/D.XII.5.2/88/2026,4-Feb-26,Pengadaan Cito Kebutuhan Tissue TA. 2026 (e-Katalog Inaproc),PPK3,PPK Non Medik & Jasa Lainnya,BJ.01.01/D.XII.9.3/217/2026,18-Feb-26,Pengadaan Cito Kebutuhan Tissue TA. 2026,Pengadaan Cito Kebutuhan Tissue TA. 2026,,96.238.532,96.238.532,,,96.238.532,Selesai dilaporkan
124,27-Jan-26,536,A49,A49,,,,PPK3,PPK Non Medik & Jasa Lainnya,BJ.01.01/D.XII.9.3/1494/2025,29-Dec-25,Pengadaan Perpanjangan Jasa Tenaga Outsourching Periode Januari - Maret TA. 2026,Pengadaan Perpanjangan Jasa Tenaga Outsourching Periode Januari - Maret TA. 2026,,5.833.909.740,5.833.909.740,,,5.833.909.740,Selesai dilaporkan
125,26-Feb-26,583,A40,A40,KR.02.01/D.XII.5.4/42/2026,30-Jan-26,Usulan Perbaikan Rembesan Lantai Ruang Operator LINAC Synergy Instalasi Radioterapi Basement Gedung Eksisting,PPK3,PPK Non Medik & Jasa Lainnya,BJ.01.01/D.XII.9.3/248/2026,24-Feb-26,Perbaikan Rembesan Lantai Ruang Operator LINAC Synergy Kebutuhan Instalasi Radioterapi Basement Gedung Eksisting TA. 2026,Perbaikan Rembesan Lantai Ruang Operator LINAC Synergy Kebutuhan Instalasi Radioterapi Basement Gedung Eksisting TA. 2026,,91.521.720,91.521.720,,,91.521.720,Sedang berproses
126,26-Feb-26,584,A44,A44,KN.01.03/D.XII.5.7/36/2026,3-Feb-26,KAK Pengadaan Peralatan dan Mesin,PPK3,PPK Non Medik & Jasa Lainnya,BJ.01.01/D.XII.9.3/252/2026,25-Feb-26,Pengadaan Peralatan & Mesin Kebutuhan Instalasi Sistem Informasi Manajemen RS. TA. 2026,Pengadaan Peralatan & Mesin Kebutuhan Instalasi Sistem Informasi Manajemen RS. TA. 2026,,40.548.268,40.548.268,,40.548.268,,Sedang berproses
127,26-Feb-26,585,A44,A44,KN.01.03/D.XII.5.7/16/2026,19-Jan-26,KAK Pengadaan Perangkat Pengolah Data,PPK3,PPK Non Medik & Jasa Lainnya,BJ.01.01/D.XII.9.3/255/2026,25-Feb-26,Pengadaan Perangkat Pengolah Data TA. 2026,Pengadaan Perangkat Pengolah Data (Macbook) Usulan Instalasi Sistem Informasi Manajemen PKN RS Kanker Dharmais DIPA BLU TA 2026,,140.580.000,140.580.000,,140.580.000,,Selesai dilaporkan
128,26-Feb-26,586,A44,A44,KN.01.03/D.XII.5.7/38/2026,5-Feb-26,KAK Pengadaan Alat Non Medik,PPK3,PPK Non Medik & Jasa Lainnya,BJ.01.01/D.XII.9.3/254/2026,25-Feb-26,Pengadaan Peralatan Fingerprint & Printer Etiket TA. 2026,Pengadaan Peralatan Fingerprint & Printer Etiket TA. 2026,,79.836.800,79.836.800,,79.836.800,,Selesai dilaporkan
129,26-Feb-26,587,A44,A44,KN.01.03/D.XII.5.7/34/2026,2-Feb-26,KAK Pengadaan Peralatan Perkantoran,PPK3,PPK Non Medik & Jasa Lainnya,BJ.01.01/D.XII.9.3/253/2026,25-Feb-26,Pengadaan Peralatan Kantor Tablet Device untuk Pengisian EMR & Inform Consent TA. 2026,Pengadaan Peralatan Kantor Tablet Device untuk Pengisian EMR & Inform Consent TA. 2026,,368.000.000,368.000.000,,368.000.000,,Selesai dilaporkan
130,13-Jan-26,510,A36,A36,BJ.01.03/D.XII.5.2/1105/2025,18-Dec-25,Pengadaan Suku Cadang Teknik TA. 2026,PPK3,PPK Non Medik & Jasa Lainnya,BJ.01.01/D.XII.9.3/64/2026,13-Jan-26,Pengadaan Suku Cadang Teknik TA. 2026,Pengadaan Suku Cadang Teknik Cito TA. 2026,,187.785.776,187.785.776,,,187.785.776,Sedang berproses
131,27-Feb-26,589,A44,A44,KN.01.03/D.XII.5.7/8/2026,9-Jan-26,KAK Pengadaan Komputer Radioterapi Basement 3 Gedung Gedung C,PPK3,PPK Non Medik & Jasa Lainnya,BJ.01.01/D.XII.9.3/260/2026,26-Feb-26,Pengadaan Komputer & Laptop Kebutuhan Radioetrapi Basement 3 Gedung C TA. 2026,Pengadaan Perangkat Pengolah Data (Komputer AIO dan Laptop Core i5) kebutuhan Instalasi Radioterapi Usulan Instalasi SIMRS PKN RS Kanker Dharmais DIPA BLU TA 2026,,121.867.610,121.867.610,,121.867.610,,Selesai dilaporkan
132,27-Feb-26,590,A40,A40,YK.04.01/D.XII.5.4/816/2025,31-Dec-26,"Pengadaan Kontrak Service Maintenance Alat X Ray MAMMOGRAPHY Merk Siemens, Type Mammomat Inspiration, SN : 11238",PPK3,PPK Non Medik & Jasa Lainnya,BJ.01.01/D.XII.9.3/258/2026,26-Feb-26,"Pengadaan Kontrak Service Alat X-Ray Mammography Merk Siemens, Type Mammomat Kebutuhan Instalasi Radiodiagnostik TA. 2026","Pengadaan Kontrak Service Alat X-Ray Mammography Merk Siemens, Type Mammomat Kebutuhan Instalasi Radiodiagnostik TA. 2026",,1.040.070.000,1.040.070.000,,,1.040.070.000,Sedang berproses
133,27-Feb-26,591,A40,A40,YK.04.01/D.XII.5.4/31/2026,22-Jan-26,"Permohonan Pemeliharaan Bedside/Patient Monitor Merk Philips di Instalasi Rawat Inap (R.Tulip, R. Anggrek I & II, R. Teratai dan R. Mawar I & II)",PPK3,PPK Non Medik & Jasa Lainnya,BJ.01.01/D.XII.9.3/259/2026,26-Feb-26,Pengadaan Pemeliharaan Bedside/Patient Monitor Merk Philips Kebutuhan Instalasi Rawat Inap TA. 2026,Pengadaan Pemeliharaan Bedside/Patient Monitor Merk Philips Kebutuhan Instalasi Rawat Inap TA. 2026,,118.992.000,118.992.000,,,118.992.000,Sedang berproses
134,24-Feb-26,574,A44,A44,KN.01.03/D.XII.5.7/13/2026,14-Jan-26,KAK Pengadaan Perangkat Pengolah Data,PPK3,PPK Non Medik & Jasa Lainnya,BJ.01.01/D.XII.9.3/247/2026,24-Feb-26,Pengadaan Peralatan Pengolah Data (PC All In One & Laptop),Pengadaan Peralatan Pengolah Data (Laptop Lenovo Yoga 7 2IN1 Ultra 7) Usulan Instalasi Sistem Informasi Manajemen PKN RS Kanker Dharmais DIPA BLU TA 2026,,22.755.000,22.755.000,,22.755.000,,Selesai dilaporkan
135,24-Feb-26,574,A44,A44,KN.01.03/D.XII.5.7/13/2026,14-Jan-26,KAK Pengadaan Perangkat Pengolah Data,PPK3,PPK Non Medik & Jasa Lainnya,BJ.01.01/D.XII.9.3/247/2026,24-Feb-26,Pengadaan Peralatan Pengolah Data (PC All In One & Laptop),Pengadaan Peralatan Pengolah Data (Laptop ACER TravelMate P214 Core-i5 (TMP214/0049)) Usulan Instalasi Sistem Informasi Manajemen PKN RS Kanker Dharmais DIPA BLU TA 2026,,808.451.000,808.451.000,,808.451.000,,Selesai dilaporkan
136,3-Mar-26,591,A42,A42,BJ.01.03/D.XII.5.2/1105/2025,11-Feb-26,Permohonan Anggaran Pengadaan Gorden Gedung Cendana (Ruang Radiodiagnostik dan Ruang Radioterapi),PPK3,PPK Non Medik & Jasa Lainnya,266,26-Feb-26,Pengadaan Gorden untuk Ruang Radiodiagnostik dan Ruang Radioterapi Gedung C,Pengadaan Gorden untuk Ruang Radiodiagnostik dan Ruang Radioterapi Gedung C TA. 2026,,7.522.380,7.522.380,,,7.522.380,Selesai dilaporkan
137,3-Mar-26,593,A44,A44,IR.02.01/D.XII.5.7/23/2026,22-Jan-26,KAK Pengadaan Software Antivirus - EDR (Endpoint Detection and Response) Tahun 2026,PPK3,PPK Non Medik & Jasa Lainnya,BJ.01.01/D.XII.9.3/264/2026,27-Feb-26,Pengadaan Software Antivirus - EDR (Endpoint Detection and Response) TA. 2026,Pengadaan Software Antivirus - EDR (Endpoint Detection and Response) TA. 2026,,417.804.000,417.804.000,,,417.804.000,Sedang berproses
138,5-Mar-26,595,A30,A30,PR.01.07/D.XII.1.13/398/2025,19-Nov-26,Perencanaan Pengadaan Perbekalan Farmasi 2026,PPK1,PPK Medik dan Gaji,BJ.01.01/D.XII.9.1/275/2026,2-Mar-26,Pengadaan Perbekalan Farmasi (OBAT) TA. 2026,Pengadaan Perbekalan Farmasi (OBAT) TA. 2026,,47.990.179.975,47.990.179.975,,,47.990.179.975,Sedang berproses
139,5-Mar-26,596,A36,A36,KU.02.04/D.XII.5.2/55/2026,26-Jan-26,Pengadaan Furniture dan Peralatan Kantor Tim Kerja Pendidikan dan Penelitian Lantai 9 Gedung C Rumah Sakit Kanker Dharmais (Aset),PPK3,PPK Non Medik & Jasa Lainnya,BJ.01.01/D.XII.9.3/295/2026,4-Mar-26,Pengadaan Furniture & Peralatan Diklat Lantai 9 Gedung Cendana TA. 2026,Pengadaan Furniture & Peralatan Diklat Lantai 9 Gedung Cendana TA. 2026,,184.624.000,166.328.000,,184.624.000,,Sedang berproses
140,6-Mar-26,597,A44,A44,KN.01.03/D.XII.5.7/18/2026,20-Jan-26,KAK Pengadaan Peralatan Pengolah Data dan informasi Infrastruktur Jaringan TA. 2026,PPK3,PPK Non Medik & Jasa Lainnya,BJ.01.01/D.XII.9.3/295/2026,4-Mar-26,Pengadaan Peralatan Pengolah Data dan informasi Infrastruktur Jaringan TA. 2026,Pengadaan Peralatan Pengolah Data dan informasi Infrastruktur Jaringan TA. 2026,,1.023.441.816,1.023.441.816,,1.023.441.816,,Sedang berproses
141,6-Mar-26,598,A44,A44,KN.01.03/D.XII.5.7/33/2026,2-Feb-26,KAK Permohonan Pengadaan Arm Monitor dan Perangkat TV,PPK3,PPK Non Medik & Jasa Lainnya,BJ.01.01/D.XII.9.3/309/2026,6-Mar-26,Pengadaan Perangkat TV untuk Ruang SIMRS Lantai 11 Gedung C TA. 2026,Pengadaan Perangkat TV untuk Ruang SIMRS Lantai 11 Gedung C TA. 2026,,63.000.000,63.000.000,,63.000.000,,Selesai dilaporkan
142,6-Mar-26,599,A35,A35,KN.01.01/D.XII.1.20/24/2026,6-Feb-26,Permohonan Pengadaan Karton Lapis Thermal dan Bubble Wrap,PPK3,PPK Non Medik & Jasa Lainnya,292,4-Mar-26,Pengadaan Karton Lapis Thermal dan Bubble Wrap untuk Pengemasan Produk Plasma Fraksionasi,Pengadaan Karton Lapis Thermal dan Bubble Wrap untuk Pengemasan Produk Plasma Fraksionasi,,17.991.144,17.991.144,,,17.991.144,Sedang berproses
143,17-Mar-26,601,A28,A28,YR.02.01/D.XII.1.10/32/2026,4-Feb-26,Permohonan Pengadaan Jasa Evaluasi Alat Ukur Personal TLD Ring di Instalasi Radiologi,PPK3,PPK Non Medik & Jasa Lainnya,321,11-Mar-26,Pengadaan Jasa Evaluasi Alat Ukur Personal TLD Ring Periode Januari - Desember 2026,Pengadaan Jasa Evaluasi Alat Ukur Personal TLD Ring Periode Januari - Desember 2026,,12.240.000,12.240.000,,,12.240.000,Sedang berproses
144,17-Mar-26,602,A31,A31,BJ.01.01/D.XII.1.15/045/2026,5-Mar-26,KAK Permohonaan Pengadaan Alat Medik 50 Tempat Tidur dan 10 Bedside Monitor,PPK1,PPK Medik dan Gaji,BJ.01.01/D.XII.9.1/334/2026,12-Mar-26,Pengadaan Tempat Tidur & Bedside Monitor TA. 2026,Pengadaan Tempat Tidur & Bedside Monitor TA. 2026,,2.298.058.482,2.298.058.482,,2.298.058.482,,Sedang berproses
145,17-Mar-26,603,A28,A28,BJ.02.01/D.XII.1.10/45/2026,13-Feb-26,Permohonan Realisasi Alat Medik MRI TA. 2026,PPK1,PPK Medik dan Gaji,BJ.01.01/D.XII.9.1/338/2026,13-Mar-26,Pengadaan Alat Medik MRI TA. 2026,Pengadaan Alat Medik MRI TA. 2026,,42.464.080.754,42.464.080.754,,42.464.080.754,,Sedang berproses
146,17-Mar-26,604,A40,A40,YK.02.01/D.XII.5.4/24/2026,19-Jan-26,Usulan Kontrak Service Maintenance Sentral Gas Medis Gedung Cendana Tahun 2026,PPK3,PPK Non Medik & Jasa Lainnya,BJ.01.01/D.XII.9.3/308/2026,10-Mar-26,Pengadaan Kontrak Service Maintenance Sentral Gas Medis Gedung C TA. 2026,Pengadaan Kontrak Service Maintenance Sentral Gas Medis Gedung C TA. 2026,,127.905.304,127.905.304,,,127.905.304,Sedang berproses
147,17-Mar-26,605,A58,A58,BJ.01.04/D.XII.1.16/64/2026,9-Mar-26,Permohonan Realisasi Alat Medik C Arm TA. 2026,PPK1,PPK Medik dan Gaji,BJ.01.01/D.XII.9.1/335/2026,12-Mar-26,Pengadaan Alat Medik C Arm TA. 2026,Pengadaan Alat Medik C Arm TA. 2026,,3.518.321.097,3.518.321.097,,3.518.321.097,,Sedang berproses
148,30-Dec-25,473,A36,A36,BJ.01.03/D.XII.5.2/1037/2025,1-Dec-25,Pengadaan Penunjang Komputer Januari - Desember TA. 2026,PPK3,PPK Non Medik & Jasa Lainnya,BJ.01.01/D.XII.9.3/1486/2025,29-Dec-25,Pengadaan Penunjang Komputer Kebutuhan Januari - Desember TA. 2026,Pengadaan Cito Sticker Barcode Thermal 80 X 60 mm – 1000 Pcs  Pada Pusat Kanker Nasional  Rumah Sakit Kanker Dharmais TA. 2026,,42.180.000,42.180.000,,,42.180.000,Selesai dilaporkan
149,30-Dec-25,463,A36,A36,BJ.01.03/D.XII.5.2/1038/2025,1-Dec-25,Pengadaan Toner Remanufaktur Januari - Desember Tahun 2026,PPK3,PPK Non Medik & Jasa Lainnya,BJ.01.01/D.XII.9.3/1476/2025,24-Dec-25,Pengadaan Toner Remanufaktur Kebutuhan Januari - Desember 2026,Pengadaan Tinta Epson 003 Original ( Cito )  Usulan Tata Usaha dan Rumah Tangga Pada Pusat Kanker Nasional Rumah Sakit Kanker Dharmais Tahun Anggaran  2026,,14.562.000,14.562.000,,,14.562.000,Selesai dilaporkan
150,27-Feb-26,589,A44,A44,KN.01.03/D.XII.5.7/8/2026,9-Jan-26,KAK Pengadaan Komputer Radioterapi Basement 3 Gedung Gedung C,PPK3,PPK Non Medik & Jasa Lainnya,BJ.01.01/D.XII.9.3/260/2026,26-Feb-26,Pengadaan Komputer & Laptop Kebutuhan Radioetrapi Basement 3 Gedung C TA. 2026,Pengadaan Perangkat Pengolah Data (Komputer AIO dan Laptop Core i5) kebutuhan Instalasi Radioterapi Usulan Instalasi SIMRS PKN RS Kanker Dharmais DIPA BLU TA 2026,,49.497.000,49.497.000,,49.497.000,,Selesai dilaporkan
151,26-Mar-26,611,A35,A35,KR.01.01/D.XII.1.20/54/2026,5-Mar-26,Revisi Permohonan Pengadaan Snack Donor Darah Eksternal Bulan Maret Tahun 2026,PPK3,PPK Non Medik & Jasa Lainnya,BJ.01.01/D.XII.9.3/5/2026,26-Mar-26,Pengadaan Snack Donor Darah Eksternal Bulan Maret 2026,Pengadaan Snack Donor Darah Eksternal Bulan Maret 2026,,67.200.000,66.600.000,,,67.200.000,Selesai dilaporkan
152,2-Apr-26,612,A40,A40,YK.02.01/D.XII.5.4/89/2026,25-Feb-26,Usulan Biaya Penggantian Spare part Boiler No. 2,PPK3,PPK Non Medik & Jasa Lainnya,BJ.01.01/D.XII.9.3/382/2026,1-Apr-26,Pengadaan Pemeliharaan Boiler No. 20 Gedung Eksisting TA. 2026,Pengadaan Pemeliharaan Boiler No. 20 Gedung Eksisting TA. 2026,,87.801.000,87.801.000,,,87.801.000,Sedang berproses
153,31-Mar-26,606,A44,A44,KN.01.03/D.XII.5.7/47/2026,12-Feb-26,KAK Pengadaan Webcam dan DVD Eksternal,PPK3,PPK Non Medik & Jasa Lainnya,354,12-Feb-26,Pengadaan Webcam dan DVD Eksternal untuk Kebutuhan Layanan FRISTA BPJS dan Pelayanan Klinis,Pengadaan Webcam dan DVD Eksternal untuk Kebutuhan Layanan FRISTA BPJS dan Pelayanan Klinis,,5.823.837,5.823.837,,5.823.837,,Sedang berproses
154,31-Mar-26,608,A40,A40,KR.02.01/D.XII.5.4/56/2026,4-Feb-26,"Usulan Perbaikan Lantai Vinyl Rawat Inap Lantai 4 - 8, serta Counter Radiologi Basement Gedung Eksisting",PPK3,PPK Non Medik & Jasa Lainnya,BJ.01.01/D.XII.9.3/353/2026,30-Mar-26,"Pengadaan Perbaikan Lantai Vinyl Rawat Inap Lantai 4 - 8, serta Counter Radiologi Basement Gedung Eksisting TA. 2026","Pengadaan Perbaikan Lantai Vinyl Rawat Inap Lantai 4 - 8, serta Counter Radiologi Basement Gedung Eksisting TA. 2026",,80.686.788,80.686.788,,,80.686.788,Sedang berproses
155,31-Mar-26,610,A44,A44,KN.01.03/D.XII.5.7/40/2026,6-Feb-26,KAK Pengadaan Suku Cadang Jaringan dan Komputer,PPK3,PPK Non Medik & Jasa Lainnya,BJ.01.01/D.XII.9.3/330/2026,12-Mar-26,Pengadaan Suku Cadang Jaringan & Komputer TA. 2026,Pengadaan Suku Cadang Jaringan & Komputer TA. 2026,,298.236.053,298.236.053,,,298.236.053,Sedang berproses
156,2-Apr-26,613,A41,A41,KU.03.07/D.XII.5.3/315/2025,29-Sep-26,Usulan Pra-Dipa Jasa Pengelolaan Limbah B3 Non Medis Tahun 2026,PPK3,PPK Non Medik & Jasa Lainnya,BJ.01.01/D.XII.9.3/383/2026,1-Apr-26,Pengadaan Jasa Pengelolaan Limbah B3 Non Medis TA. 2026,Pengadaan Jasa Pengelolaan Limbah B3 Non Medis TA. 2026,,24.650.000,24.650.000,,,24.650.000,Sedang berproses
157,2-Apr-26,614,A40,A40,YK.04.01/D.XII.5.4/51/2026,2-Feb-26,Permohonan Pemeliharaan 2 Unit Patient Monitor Merk Mindray di Instalasi Gawat Darurat Gedung Eksisting,PPK3,PPK Non Medik & Jasa Lainnya,BJ.01.01/D.XII.9.3/379/2026,1-Apr-26,Pengadaan 2 Unit Patient Monitor Merk Mindray di Instalasi Gawat Darurat Gedung Eksisting TA. 2026,Pengadaan 2 Unit Patient Monitor Merk Mindray di Instalasi Gawat Darurat Gedung Eksisting TA. 2026,,26.785.440,26.785.440,,,26.785.440,Sedang berproses
158,2-Apr-26,615,A40,A40,YK.04.01/D.XII.5.4/54/2026,2-Feb-26,Permohonan Pemeliharaan 6 Unit Bedside / Patient Monitor Merk Nihon Kohden di Instalasi Bedah Sentral Eksisting,PPK3,PPK Non Medik & Jasa Lainnya,BJ.01.01/D.XII.9.3/379/2026,1-Apr-26,Pemeliharaan 6 Unit Patient Monitor Merk Nihon Kohden di Instalasi Bedah Sentral Eksisting TA. 2026,Pemeliharaan 6 Unit Patient Monitor Merk Nihon Kohden di Instalasi Bedah Sentral Eksisting TA. 2026,,76.285.644,76.285.644,,,76.285.644,Sedang berproses
159,2-Apr-26,616,A40,A40,KR.02.01/D.XII.5.4/74/2026,13-Feb-26,Usulan Perbaikan Rembesan Lantai Ruang Tunggu Pasien Bunker Instalasi Radioterapi Basement Gedung Eksisting,PPK3,PPK Non Medik & Jasa Lainnya,BJ.01.01/D.XII.9.3/380/2026,1-Apr-26,Perbaikan Rembesan Lantai Ruang Tunggu Pasien Bunker Instalasi Radioterapi Gedung Eksisting,Perbaikan Rembesan Lantai Ruang Tunggu Pasien Bunker Instalasi Radioterapi Gedung Eksisting,,129.328.320,129.328.320,,,129.328.320,Sedang berproses
160,2-Apr-26,617,A40,A40,YK.02.01/D.XII.5.4/59/2026,4-Feb-26,Usulan Biaya Peremajaan Elevator / Lift No. 2,PPK3,PPK Non Medik & Jasa Lainnya,BJ.01.01/D.XII.9.3/365/2026,31-Mar-26,Pengadaan Peremajaan Elevator / Lift No. 2 Gedung Eksisting TA. 2026,Pengadaan Peremajaan Elevator / Lift No. 2 Gedung Eksisting TA. 2026,,1.298.700.000,1.298.700.000,,1.298.700.000,,Sedang berproses
161,31-Mar-26,609,A47,A47,KR.01.01/D.XII.2.3/135/2026,5-Mar-26,Permohonan Pengadaan Souvenir Kegiatan Percepatan BGSi,PPK3,PPK Non Medik & Jasa Lainnya,BJ.01.01/D.XII.9.3/352/2026,30-Mar-26,Pengadaan Souvenir untuk Peserta Rekrutmen BGSI TA. 2026,Pengadaan Souvenir untuk Peserta Rekrutmen BGSI TA. 2026,,104.720.000,103.785.000,,,104.720.000,Sedang berproses
162,6-Apr-26,619,A41,A41,KU.03.07/D.XII.5.3/067/2026,5-Mar-26,Permohonan Pengadaan Evacuation Chair Tahun 2026,PPK3,PPK Non Medik & Jasa Lainnya,BJ.01.01/D.XII.9.3/387/2026,2-Apr-26,Pengadaan Evacuation Chair TA. 2026,Pengadaan Evacuation Chair TA. 2026,,124.209.000,124.209.000,,124.209.000,,Sedang berproses
163,6-Apr-26,620,A36,A36,KU.02.03/D.XII.5.2/35/2026,15-Jan-26,Pengadaan Furniture dan Peralatan Kantor Sistem Informasi Rumah Sakit Kanker Dharmais Gedung C (Ekstrakompatibel),PPK3,PPK Non Medik & Jasa Lainnya,BJ.01.01/D.XII.9.3/378/2026,1-Apr-26,,Pengadaan Furniture dan Peralatan Kantor Sistem Informasi RSKD Kebutuhan Gedung C TA. 2026,,139.820.040,139.820.040,,139.820.040,,Sedang berproses
164,6-Apr-26,621,A36,A36,BJ.02./D.XII.5.2/146/2026,12-Mar-26,Kerangka Acuan Kerja Pengadaan Air Minum Kemasan Galon dan 600 ml (TERM OF REFENCE) Tahun 2026,PPK3,PPK Non Medik & Jasa Lainnya,BJ.01.01/D.XII.9.3/394/2026,6-Apr-26,Pengadaan Air Minum Kemasan Periode April - Desember TA. 2026,Pengadaan Air Minum Kemasan Periode April - Desember TA. 2026,,414.585.000,414.585.000,,,414.585.000,Sedang berproses